Workbook

Sheet Program
A1: 16-Week Autoregulated Hangboard Program — Transmutation Entry
A2: Skips accumulation — goes straight to Transmutation I given established hangboard base. Three transmutation blocks with rising intensity, separated by deload + benchmark weeks.
A4: Cycle Parameters
A5: Start date | C5: Mon May 11, 2026
A6: End date | C6: Sun Aug 30, 2026 (~16 weeks)
A7: Starting benchmark | C7: +25 kg on 20mm half crimp, 5s, 2-arm
A8: Nutrition | C8: Maintenance (cut complete)
A9: Weekly structure | C9: From W4: Tue OI primer + limit board, Thu volume yielding (5s), Sat heavy yielding = 3 finger sessions/week. Heavy = 5s in Trans I–II; 3s max singles in Peak (W11–14). (W1–W3 ran Tue heavy + Thu volume + Sat/Sun OI.)
A10: Deload cadence | C10: Every 5 weeks: W5, W10, W15 (each with benchmark test)
A11: Benchmark tests | C11: W5 (post-Trans I), W10 (post-Trans II), W15 (post-Peak), W16 (final, in Realization)
A12: Target end-of-cycle | C12: +33–40 kg (conservative ↔ optimistic). 8A path: ~+45–50 kg.
A14: Macro Schedule
A15: Wk | B15: Dates | C15: Block | D15: Heavy yielding (Sat, W4+) | E15: Thursday — Volume | F15: OI (Tue primer, W4+)
A16: W1 | B16: May 11 – May 17 | C16: Transmutation I 1/4 | D16: Top @8.5 autoreg (target ~+24 kg), 3 BO 92–95% with fatigue stop | E16: 82–85% of Tue, 4–5 sets @7–8 | F16: 2× standard
A17: W2 | B17: May 18 – May 24 | C17: Transmutation I 2/4 | D17: Top @8.5–9 (target ~+25 kg), BO with fatigue stop | E17: 82–85% of Tue, 4–5 sets @7–8 | F17: 2× standard
A18: W3 | B18: May 25 – May 31 | C18: Transmutation I 3/4 | D18: Top @9 (target ~+26 kg), BO with fatigue stop | E18: 82–85% of Tue, 4–5 sets @7–8 | F18: 2× standard
A19: W4 | B19: Jun 01 – Jun 07 | C19: Transmutation I 4/4 | D19: Top @9 (target +26–27 kg) — last push before deload | E19: 82–85% of heavy, 4–5 sets @7–8 | F19: 1× (Tue primer)
A20: W5 | B20: Jun 08 – Jun 14 | C20: DELOAD + BENCHMARK | D20: Tue: 3 sets @6 deload. Sat: TEST 1 set max 5s @9–9.5 | E20: Rest | F20: skip (test wk)
A21: W6 | B21: Jun 15 – Jun 21 | C21: Transmutation II 1/4 | D21: Top @9–9.5 with NEW benchmark percentages | E21: 85–88% of heavy, 4–5 sets @8 | F21: 1× (Tue)
A22: W7 | B22: Jun 22 – Jun 28 | C22: Transmutation II 2/4 | D22: Top @9–9.5, BO with fatigue stop | E22: 85–88% of heavy, 4–5 sets @8 | F22: 1× (Tue)
A23: W8 | B23: Jun 29 – Jul 05 | C23: Transmutation II 3/4 | D23: Top @9–9.5, BO with fatigue stop | E23: 85–88% of heavy, 4–5 sets @8 | F23: 1× (Tue)
A24: W9 | B24: Jul 06 – Jul 12 | C24: Transmutation II 4/4 | D24: Top @9–9.5 push, final load before deload | E24: 85–88% of heavy, 4–5 sets @8 | F24: 1× (Tue)
A25: W10 | B25: Jul 13 – Jul 19 | C25: DELOAD + BENCHMARK | D25: Tue: 3 sets @6 deload. Sat: TEST 1 set max 5s @9–9.5 | E25: Rest | F25: skip (test wk)
A26: W11 | B26: Jul 20 – Jul 26 | C26: Peak Intensity 1/4 | D26: 3s max singles @9.5 — load from W10 3s test. 3–5 efforts, 4–5 min rest. No back-offs. | E26: 88–90% of heavy, 4–5 sets @8 | F26: 1× (Tue)
... A31: W16 | B31: Aug 24 – Aug 30 | C31: Realization — Cycle Close | D31: 2–3 singles @9 (3s or 5s). Climb hard. Apply on the wall. | E31: 2 sets at 80% bench @7 (optional) | F31: 1× (Tue)
A33: Key Concepts
A34: Tuesday top-set autoregulation | C34: Don't load based on last week's number. Load based on how 92% of last Tue's top set feels as a warmup: @7 → today has +2.5–5 kg in it; @8 → match or +2.5; @8.5+ → hold or back off.
A35: Fatigue stop (Tue back-offs) | C35: Stop back-offs when: load drop >5%, can't hit 5s, grip break before second 5, or any joint discomfort.
A36: Thursday is buffer | C36: Fixed 4–5 sets. NO opportunistic extensions. RPE creep to @8.5+ by set 3 → drop load 5%.
A37: Pre-session readiness | C37: During 70%-benchmark warmup hang, gauge RPE. Normal feels @5–6. @7+ = drop loads 5–10%. @8+ or joint pain = skip session.
A38: Week 1 is a discovery check | C38: Since this skips accumulation, Tue/Thu of W1 are the real test of how 48h between yielding sessions feels. If Thu W1 feels significantly worse than expected, that signal counts.
A39: Block progression gates | C39: Advance only if: no joint flags, benchmark stable/improving, recovery normal, fatigue stops not triggering early for 2 weeks straight.
A41: Color Legend
B42: Deload week with benchmark test
B43: Realization week — singles, low volume

Sheet Working Loads
A1: Working Loads — Single Source of Truth for Program Percentages
A2: Change the Working Max cell below and every load target in the program recalculates. Working Max = the load you can hold for 5s at @9–9.5 on a Saturday-fresh heavy day. PEAK BLOCK (W11–W14): heavy day uses 3s hangs. Establish 3s WM at W10 test and enter in a separate cell below. Thu volume stays 5s throughout.
A4: Input
A5: Working Max (kg) | B5: 25
A6: As of (date) | B6: 2026-05-22
A7: Notes | B7: Reset from +25kg given Thu @10 ceiling — recheck on rested day
A9: When to update: after any benchmark test (W5/W10/W15), or any time daily expression consistently disagrees with the current number for 2+ sessions. Increment in 0.5–2 kg steps.
A11: Key Reference Loads (% of Working Max)
A12: Reference point | B12: % of WM | C12: Load (kg) | D12: When used
A13: Warmup readiness check (70%) | B13: 0.7 | C13: =ROUND($B$5*0.7*2,0)/2 -> 17.5 | D13: 70% feeler hang during warmup
A14: Deload load (75%) | B14: 0.75 | C14: =ROUND($B$5*0.75*2,0)/2 -> 19 | D14: Tue deload set in W5/W10/W15
A15: @7 — Volume target floor | B15: 0.85 | C15: =ROUND($B$5*(40+6*7)/97*2,0)/2 -> 21 | D15: Thu volume comfortable end
A16: @8 — Volume target ceiling | B16: 0.91 | C16: =ROUND($B$5*(40+6*8)/97*2,0)/2 -> 22.5 | D16: Thu volume max RPE
A17: @8.5 — Heavy entry (Trans I) | B17: 0.94 | C17: =ROUND($B$5*(40+6*8.5)/97*2,0)/2 -> 23.5 | D17: Tue top set Trans I early
A18: @9 — Heavy push | B18: 0.97 | C18: =ROUND($B$5*(40+6*9)/97*2,0)/2 -> 24 | D18: Tue top set Trans I late / II
A19: @9.5 — Benchmark / Peak | B19: 1 | C19: =$B$5 -> 25 | D19: Test day / Peak top end
A21: Block-by-Block Target Loads
A22: Week | B22: Block | C22: Heavy RPE target | D22: Heavy top (kg) | E22: Thu % of heavy | F22: Thu volume (kg) | G22: BO % of heavy | H22: BO (kg)
A23: W1 | B23: Trans I 1/4 | C23: @8.5 | D23: =ROUND($B$5*(40+6*8.5)/97*2,0)/2 -> 23.5 | E23: 0.82 | F23: =ROUND(D23*0.82*2,0)/2 -> 19.5 | G23: 0.92 | H23: =ROUND(D23*0.92*2,0)/2 -> 21.5
A24: W2 | B24: Trans I 2/4 | C24: @8.5–9 | D24: =ROUND($B$5*(40+6*8.75)/97*2,0)/2 -> 24 | E24: 0.83 | F24: =ROUND(D24*0.83*2,0)/2 -> 20 | G24: 0.93 | H24: =ROUND(D24*0.93*2,0)/2 -> 22.5
A25: W3 | B25: Trans I 3/4 | C25: @9 | D25: =ROUND($B$5*(40+6*9)/97*2,0)/2 -> 24 | E25: 0.84 | F25: =ROUND(D25*0.84*2,0)/2 -> 20 | G25: 0.94 | H25: =ROUND(D25*0.94*2,0)/2 -> 22.5
A26: W4 | B26: Trans I 4/4 | C26: @9 | D26: =ROUND($B$5*(40+6*9)/97*2,0)/2 -> 24 | E26: 0.85 | F26: =ROUND(D26*0.85*2,0)/2 -> 20.5 | G26: 0.95 | H26: =ROUND(D26*G26*2,0)/2 -> 23
A27: W5 | B27: DELOAD + TEST | C27: Deload @6-7 / Test @9.5 | D27: =ROUND($B$5*0.75*2,0)/2 -> 19 | E27: test | F27: =$B$5 -> 25 | G27: — | H27: —
A28: W6 | B28: Trans II 1/4 | C28: @9–9.5 | D28: =ROUND($B$5*(40+6*9.25)/97*2,0)/2 -> 24.5 | E28: 0.86 | F28: =ROUND(D28*0.86*2,0)/2 -> 21 | G28: 0.82 | H28: =ROUND(D28*G28*2,0)/2 -> 20
A29: W7 | B29: Trans II 2/4 | C29: @9–9.5 | D29: =ROUND($B$5*(40+6*9.25)/97*2,0)/2 -> 24.5 | E29: 0.87 | F29: =ROUND(D29*0.87*2,0)/2 -> 21.5 | G29: 0.82 | H29: =ROUND(D29*G29*2,0)/2 -> 20
A30: W8 | B30: Trans II 3/4 | C30: @9–9.5 | D30: =ROUND($B$5*(40+6*9.25)/97*2,0)/2 -> 24.5 | E30: 0.87 | F30: =ROUND(D30*0.87*2,0)/2 -> 21.5 | G30: 0.82 | H30: =ROUND(D30*G30*2,0)/2 -> 20
A31: W9 | B31: Trans II 4/4 | C31: @9–9.5 | D31: =ROUND($B$5*(40+6*9.5)/97*2,0)/2 -> 25 | E31: 0.88 | F31: =ROUND(D31*0.88*2,0)/2 -> 22 | G31: 0.82 | H31: =ROUND(D31*G31*2,0)/2 -> 20.5
A32: W10 | B32: DELOAD + TEST | C32: Deload @6-7 / Test @9.5 | D32: =ROUND($B$5*0.75*2,0)/2 -> 19 | E32: test | F32: =$B$5 -> 25 | G32: — | H32: —
A33: W11 | B33: Peak Intensity 1/4 | C33: @9.5 | D33: =ROUND($B$5*(40+6*9.5)/97*2,0)/2 -> 25 | E33: 0.8 | F33: =ROUND(D33*0.88*2,0)/2 -> 22 | G33: 0.82 | H33: =ROUND(D33*G33*2,0)/2 -> 20.5
A34: W12 | B34: Peak Intensity 2/4 | C34: @9.5 | D34: =ROUND($B$5*(40+6*9.5)/97*2,0)/2 -> 25 | E34: 0.8 | F34: =ROUND(D34*0.89*2,0)/2 -> 22.5 | G34: 0.82 | H34: =ROUND(D34*G34*2,0)/2 -> 20.5
A35: W13 | B35: Peak Intensity 3/4 | C35: @9.5 | D35: =ROUND($B$5*(40+6*9.5)/97*2,0)/2 -> 25 | E35: 0.81 | F35: =ROUND(D35*0.89*2,0)/2 -> 22.5 | G35: 0.82 | H35: =ROUND(D35*G35*2,0)/2 -> 20.5
A36: W14 | B36: Peak Intensity 4/4 | C36: @9.5 | D36: =ROUND($B$5*(40+6*9.5)/97*2,0)/2 -> 25 | E36: 0.82 | F36: =ROUND(D36*0.9*2,0)/2 -> 22.5 | G36: 0.82 | H36: =ROUND(D36*G36*2,0)/2 -> 20.5
A37: W15 | B37: DELOAD + FINAL TEST | C37: Deload @6 / Final test @9.5 | D37: =ROUND($B$5*0.75*2,0)/2 -> 19 | E37: test | F37: =$B$5 -> 25 | G37: — | H37: —
A38: W16 | B38: Realization | C38: @9 singles | D38: =ROUND($B$5*(40+6*9)/97*2,0)/2 -> 24 | E38: 0.8 | F38: =ROUND(D38*0.8*2,0)/2 -> 19 | G38: — | H38: —
A40: How loads are derived
A41: • Working Max is anchored at @9.5 (the load you can hold 5s with nothing left). All RPE-targeted loads use the E1RM formula: Load = WM × (40 + 6×RPE) / 97
A42: • Thursday volume = % of heavy (Saturday) top set, escalating across the block. NOT a function of Working Max directly.
A43: • Back-off: 2–3 sets at genuinely @7–8 (~82% of top set, ~4–5 kg drop). Stop when RPE creeps above @8 or grip breaks before 5s.
A44: • Deload Tue load = 75% of Working Max (the program's standard). Thu of deload week = benchmark test attempt at the new Working Max.
A45: • Loads rounded to nearest 0.5 kg. Smallest practical hangboard increment.
A46: • When you do a benchmark test, replace the Working Max input with the new tested number. Everything recalculates.
A48: Working Max History
A49: Optional log of past Working Max values for tracking progression across cycles.
A50: Date | B50: Working Max (kg) | C50: Trigger | D50: Notes
A51: 2026-05-19 | B51: 25 | C51: Pre-program benchmark | D51: Initial reference (Tue +25kg @10, looked stale on Thu)
A52: 2026-05-22 | B52: 22 | C52: Recalibration | D52: Reset to empirical Thu ceiling; revisit on rested day
A54: Peak Block (W11–W14) — 3s Max Single Autoregulation
A55: Peak block Working Max (3s) — set after W10 test
A56: 3s Working Max (kg) | B56: ← Enter W10 3s test result here
A58: 3s Session Autoregulation (Sat, W11–W14)
A59: Load selection | B59: Base each session on how 92% of last session's top 3s single feels during warmup:
B60: @7 → today has +2.5–5 kg in it → increment
B61: @8 → match last session load or +1–2.5 kg
B62: @8.5+ → hold or back off — do NOT grind
A63: No back-off sets | B63: 3s max singles are pure CNS stimulus. Stop after 3–5 quality singles. Quality = full 3s at target RPE.
A64: Fatigue stop | B64: Stop the session if: (1) load must drop >5% to maintain @9, (2) grip break before second 2 of hold, (3) any joint discomfort.
A65: Rest between singles | B65: 4–5 min minimum. Full neural recovery between each effort — these are not circuit sets.
A66: RPE ceiling | B66: Cap at @9.5 in W11–W13. W14 may push to @10 on the final single only if all prior singles felt clean.
A68: 3s vs 5s E1RM note | B68: Heavy-3s E1RM in the Log is normalised ÷1.1 to a 5s-equivalent for trend tracking. Do NOT compare raw 3s E1RM values to Trans I/II 5s values — they are different stimuli. Use the Block Summary to track Peak vs Trans progress separately.

Sheet Analytics
A1: Analytics — Progress Tracking for Autoregulated Training
A2: E1RM converts Load + RPE into a single comparable strength number. Trends, not single sessions, are the signal. Source data is auto-pulled from the Log; the _Data sheet holds raw aggregations.
A4: 1. E1RM Trend — Are you actually getting stronger?
A5: Two series: Tuesday heavy E1RM (pink) and Thursday volume E1RM (green). Rising line at consistent RPE = real strength gain. Flat line across 3+ sessions at same RPE = real plateau, deload soon. Volume series should track below heavy.
A26: 2. Benchmark vs Working Load Gap — How submaximal is your training?
A27: Working load (top set) as a percentage of your current best E1RM. Heavy day target = ~92–95%. Volume day target = ~80–88%. Gap consistently wider than these = under-stimulating. Consistently above = test the benchmark.
A48: 3. Recovery Trend — Early warning system
A49: Next-day feel (1 fresh → 5 sharp pain). Rolling 5-session avg (blue line) is the trend signal. Rising average across 2+ weeks = accumulated fatigue; deload regardless of strength gains. >3 average for a single session = recovery flag.
A70: 4. Weekly Summary
A71: Per-week aggregations. Watch the Avg RPE column: if it creeps up while Max E1RM stays flat, that's a deload signal.
A72: Wk | B72: Start | C72: End | D72: Block | E72: Yield | F72: OI | G72: Avg RPE | H72: Max E1RM | I72: Avg Next-Day | J72: Flag
A73: =IFERROR(_Data!A57,"") -> W1 | B73: =IFERROR(_Data!B57,"") -> 46153 | C73: =IFERROR(_Data!C57,"") -> 46159 | D73: =IFERROR(_Data!D57,"") -> Trans I 1/4 | E73: =IFERROR(_Data!E57,"") -> 2 | F73: =IFERROR(_Data!F57,"") -> 1 | G73: =IFERROR(_Data!G57,"") -> 10 | H73: =IFERROR(_Data!H57,"") -> 25 | ... J73: =IFERROR(_Data!J57,"")
A74: =IFERROR(_Data!A58,"") -> W2 | B74: =IFERROR(_Data!B58,"") -> 46160 | C74: =IFERROR(_Data!C58,"") -> 46166 | D74: =IFERROR(_Data!D58,"") -> Trans I 2/4 | E74: =IFERROR(_Data!E58,"") -> 1 | F74: =IFERROR(_Data!F58,"") -> 1 | G74: =IFERROR(_Data!G58,"") -> 10 | H74: =IFERROR(_Data!H58,"") -> 25 | ... J74: =IFERROR(_Data!J58,"")
A75: =IFERROR(_Data!A59,"") -> W3 | B75: =IFERROR(_Data!B59,"") -> 46167 | C75: =IFERROR(_Data!C59,"") -> 46173 | D75: =IFERROR(_Data!D59,"") -> Trans I 3/4 | E75: =IFERROR(_Data!E59,"") -> 2 | F75: =IFERROR(_Data!F59,"") -> 1 | G75: =IFERROR(_Data!G59,"") -> 8 | H75: =IFERROR(_Data!H59,"") -> 26.6 | ... J75: =IFERROR(_Data!J59,"") -> RECOVERY FLAG
A76: =IFERROR(_Data!A60,"") -> W4 | B76: =IFERROR(_Data!B60,"") -> 46174 | C76: =IFERROR(_Data!C60,"") -> 46180 | D76: =IFERROR(_Data!D60,"") -> Trans I 4/4 | E76: =IFERROR(_Data!E60,"") -> 0 | F76: =IFERROR(_Data!F60,"") -> 0 | G76: =IFERROR(_Data!G60,"") | H76: =IFERROR(_Data!H60,"") -> 0 | ... J76: =IFERROR(_Data!J60,"")
A77: =IFERROR(_Data!A61,"") -> W5 | B77: =IFERROR(_Data!B61,"") -> 46181 | C77: =IFERROR(_Data!C61,"") -> 46187 | D77: =IFERROR(_Data!D61,"") -> Deload + Test | E77: =IFERROR(_Data!E61,"") -> 0 | F77: =IFERROR(_Data!F61,"") -> 0 | G77: =IFERROR(_Data!G61,"") | H77: =IFERROR(_Data!H61,"") -> 0 | ... J77: =IFERROR(_Data!J61,"") -> TEST
A78: =IFERROR(_Data!A62,"") -> W6 | B78: =IFERROR(_Data!B62,"") -> 46188 | C78: =IFERROR(_Data!C62,"") -> 46194 | D78: =IFERROR(_Data!D62,"") -> Trans II 1/4 | E78: =IFERROR(_Data!E62,"") -> 0 | F78: =IFERROR(_Data!F62,"") -> 0 | G78: =IFERROR(_Data!G62,"") | H78: =IFERROR(_Data!H62,"") -> 0 | ... J78: =IFERROR(_Data!J62,"")
A79: =IFERROR(_Data!A63,"") -> W7 | B79: =IFERROR(_Data!B63,"") -> 46195 | C79: =IFERROR(_Data!C63,"") -> 46201 | D79: =IFERROR(_Data!D63,"") -> Trans II 2/4 | E79: =IFERROR(_Data!E63,"") -> 0 | F79: =IFERROR(_Data!F63,"") -> 0 | G79: =IFERROR(_Data!G63,"") | H79: =IFERROR(_Data!H63,"") -> 0 | ... J79: =IFERROR(_Data!J63,"")
A80: =IFERROR(_Data!A64,"") -> W8 | B80: =IFERROR(_Data!B64,"") -> 46202 | C80: =IFERROR(_Data!C64,"") -> 46208 | D80: =IFERROR(_Data!D64,"") -> Trans II 3/4 | E80: =IFERROR(_Data!E64,"") -> 0 | F80: =IFERROR(_Data!F64,"") -> 0 | G80: =IFERROR(_Data!G64,"") | H80: =IFERROR(_Data!H64,"") -> 0 | ... J80: =IFERROR(_Data!J64,"")
A81: =IFERROR(_Data!A65,"") -> W9 | B81: =IFERROR(_Data!B65,"") -> 46209 | C81: =IFERROR(_Data!C65,"") -> 46215 | D81: =IFERROR(_Data!D65,"") -> Trans II 4/4 | E81: =IFERROR(_Data!E65,"") -> 0 | F81: =IFERROR(_Data!F65,"") -> 0 | G81: =IFERROR(_Data!G65,"") | H81: =IFERROR(_Data!H65,"") -> 0 | ... J81: =IFERROR(_Data!J65,"")
A82: =IFERROR(_Data!A66,"") -> W10 | B82: =IFERROR(_Data!B66,"") -> 46216 | C82: =IFERROR(_Data!C66,"") -> 46222 | D82: =IFERROR(_Data!D66,"") -> Deload + Test | E82: =IFERROR(_Data!E66,"") -> 0 | F82: =IFERROR(_Data!F66,"") -> 0 | G82: =IFERROR(_Data!G66,"") | H82: =IFERROR(_Data!H66,"") -> 0 | ... J82: =IFERROR(_Data!J66,"") -> TEST
A83: =IFERROR(_Data!A67,"") -> W11 | B83: =IFERROR(_Data!B67,"") -> 46223 | C83: =IFERROR(_Data!C67,"") -> 46229 | D83: =IFERROR(_Data!D67,"") -> Peak 1/4 | E83: =IFERROR(_Data!E67,"") -> 0 | F83: =IFERROR(_Data!F67,"") -> 0 | G83: =IFERROR(_Data!G67,"") | H83: =IFERROR(_Data!H67,"") -> 0 | ... J83: =IFERROR(_Data!J67,"")
A84: =IFERROR(_Data!A68,"") -> W12 | B84: =IFERROR(_Data!B68,"") -> 46230 | C84: =IFERROR(_Data!C68,"") -> 46236 | D84: =IFERROR(_Data!D68,"") -> Peak 2/4 | E84: =IFERROR(_Data!E68,"") -> 0 | F84: =IFERROR(_Data!F68,"") -> 0 | G84: =IFERROR(_Data!G68,"") | H84: =IFERROR(_Data!H68,"") -> 0 | ... J84: =IFERROR(_Data!J68,"")
... A88: =IFERROR(_Data!A72,"") -> W16 | B88: =IFERROR(_Data!B72,"") -> 46258 | C88: =IFERROR(_Data!C72,"") -> 46264 | D88: =IFERROR(_Data!D72,"") -> Realization | E88: =IFERROR(_Data!E72,"") -> 0 | F88: =IFERROR(_Data!F72,"") -> 0 | G88: =IFERROR(_Data!G72,"") | H88: =IFERROR(_Data!H72,"") -> 0 | ... J88: =IFERROR(_Data!J72,"") -> REALIZE
A91: 5. Block Summary
A92: Per-phase aggregations. The Max E1RM column shows the actual progression milestone for each phase — that's the report card.
A93: Phase | B93: Weeks | C93: Start | D93: End | E93: Yield | F93: OI | G93: Avg RPE | H93: Max E1RM | I93: Avg Next-Day | J93: Status
A94: =IFERROR(_Data!A77,"") -> Transmutation I | B94: =IFERROR(_Data!B77,"") -> W1–W4 | C94: =IFERROR(_Data!C77,"") -> 46153 | D94: =IFERROR(_Data!D77,"") -> 46180 | E94: =IFERROR(_Data!E77,"") -> 5 | F94: =IFERROR(_Data!F77,"") -> 3 | G94: =IFERROR(_Data!G77,"") -> 9.2 | H94: =IFERROR(_Data!H77,"") -> 26.6 | ... J94: =IFERROR(_Data!J77,"") -> In progress
A95: =IFERROR(_Data!A78,"") -> Deload + Test W5 | B95: =IFERROR(_Data!B78,"") -> W5 | C95: =IFERROR(_Data!C78,"") -> 46181 | D95: =IFERROR(_Data!D78,"") -> 46187 | E95: =IFERROR(_Data!E78,"") -> 0 | F95: =IFERROR(_Data!F78,"") -> 0 | G95: =IFERROR(_Data!G78,"") | H95: =IFERROR(_Data!H78,"") -> 0 | ... J95: =IFERROR(_Data!J78,"") -> Upcoming
A96: =IFERROR(_Data!A79,"") -> Transmutation II | B96: =IFERROR(_Data!B79,"") -> W6–W9 | C96: =IFERROR(_Data!C79,"") -> 46188 | D96: =IFERROR(_Data!D79,"") -> 46215 | E96: =IFERROR(_Data!E79,"") -> 0 | F96: =IFERROR(_Data!F79,"") -> 0 | G96: =IFERROR(_Data!G79,"") | H96: =IFERROR(_Data!H79,"") -> 0 | ... J96: =IFERROR(_Data!J79,"") -> Upcoming
A97: =IFERROR(_Data!A80,"") -> Deload + Test W10 | B97: =IFERROR(_Data!B80,"") -> W10 | C97: =IFERROR(_Data!C80,"") -> 46216 | D97: =IFERROR(_Data!D80,"") -> 46222 | E97: =IFERROR(_Data!E80,"") -> 0 | F97: =IFERROR(_Data!F80,"") -> 0 | G97: =IFERROR(_Data!G80,"") | H97: =IFERROR(_Data!H80,"") -> 0 | ... J97: =IFERROR(_Data!J80,"") -> Upcoming
A98: =IFERROR(_Data!A81,"") -> Peak Intensity | B98: =IFERROR(_Data!B81,"") -> W11–W14 | C98: =IFERROR(_Data!C81,"") -> 46223 | D98: =IFERROR(_Data!D81,"") -> 46250 | E98: =IFERROR(_Data!E81,"") -> 0 | F98: =IFERROR(_Data!F81,"") -> 0 | G98: =IFERROR(_Data!G81,"") | H98: =IFERROR(_Data!H81,"") -> 0 | ... J98: =IFERROR(_Data!J81,"") -> Upcoming
A99: =IFERROR(_Data!A82,"") -> Deload + Final Test | B99: =IFERROR(_Data!B82,"") -> W15 | C99: =IFERROR(_Data!C82,"") -> 46251 | D99: =IFERROR(_Data!D82,"") -> 46257 | E99: =IFERROR(_Data!E82,"") -> 0 | F99: =IFERROR(_Data!F82,"") -> 0 | G99: =IFERROR(_Data!G82,"") | H99: =IFERROR(_Data!H82,"") -> 0 | ... J99: =IFERROR(_Data!J82,"") -> Upcoming
A100: =IFERROR(_Data!A83,"") -> Realization | B100: =IFERROR(_Data!B83,"") -> W16 | C100: =IFERROR(_Data!C83,"") -> 46258 | D100: =IFERROR(_Data!D83,"") -> 46264 | E100: =IFERROR(_Data!E83,"") -> 0 | F100: =IFERROR(_Data!F83,"") -> 0 | G100: =IFERROR(_Data!G83,"") | H100: =IFERROR(_Data!H83,"") -> 0 | ... J100: =IFERROR(_Data!J83,"") -> Upcoming
A103: Reading the Analytics
A104: Green flag (program working) | D104: E1RM trending up week-over-week. Avg RPE stable in target zone (Tue ~8.5–9, Thu ~7–8). Avg Next-Day Feel ≤2.5. Working % around 92–95% on heavy days. → Hold course, progress as planned.
A105: Yellow flag (caution) | D105: E1RM flat for 2+ weeks at same RPE. OR Avg RPE creeping up while load is held. OR Avg Next-Day Feel drifting above 2.5. → Drop Thursday volume one set, ensure deload not skipped, evaluate sleep.
A106: Red flag (back off) | D106: E1RM declining 2+ weeks. OR weekly Avg Next-Day Feel >3 (recovery flag in summary). OR any joint inflammation signal in notes. → Stop loaded finger work or drop to deload loads. Apply exit criteria from Reference.
A107: Benchmark gap interpretation | D107: Heavy day working % consistently below ~90% with target RPE → benchmark is stale, you're submaximally training. Run a benchmark test ahead of schedule. Working % consistently above ~95% → load is creeping ahead of true strength; back off and let recovery catch up.
A108: Block decision (use at end of each block) | D108: Block Summary row gives the snapshot. If Max E1RM at end > Max E1RM at start AND status=Complete AND no red flags during → advance to next block. Else → repeat block or insert extra deload.

Sheet Log
A1: Session Log
A2: LOG GUIDE — only fill what applies: HEAVY 5s (Trans) → Type=Yielding Role=Heavy HEAVY 3s (Peak) → Type=Yielding Role=Heavy-3s Load=top-set kg RPE=top-set RPE Sets=back-offs completed VOLUME (Thu) → Type=Yielding Role=Volume Load=working kg RPE=working RPE Sets=sets done (e.g. 4) OI (Tue) → Type=OI Role=OI Load & RPE = leave blank Sets=OI sets done CLIMB → Type=Climbing Role=Climb Load / RPE / Sets = leave blank TEST (Sat) → Type=Yielding Role=Test Load=max tested kg RPE=9–9.5 DELOAD (Tue) → Type=Yielding Role=Deload Load=deload kg RPE Sets=sets done Always fill: Date, Taxing (1–5), Next-Day Feel (1–5). Felt (1–10) and Notes optional but useful. E1RM auto-calculates for all Yielding sessions (Heavy, Volume, Test, Deload).
A4: Date | B4: Type (Yielding / OI / Climbing) | C4: Venue | D4: Role (Heavy / Volume / OI / Climb / Test / Deload) | E4: Load (kg) | F4: Top Set RPE | G4: Sets | H4: Session Taxing (1-5) | I4: Felt (1-10) | J4: Next-Day Feel (1-5) | K4: Block | L4: Notes | M4: E1RM (kg) [5s-equiv; Heavy-3s ÷1.1]
A5: 46126 | B5: Yielding | C5: Board | E5: 20 | H5: 3 | I5: 5 | J5: 3 | K5: Accumulation | L5: Felt easy at +25kg, 1-2s left in tank | M5: =IF(OR(B5<>"Yielding",E5="",F5="",F5<6),"",IF(D5="Heavy-3s",ROUND(E5*100/(40+6*F5)/1.1,1),ROUND(E5*100/(40+6*F5),1)))
A6: 46133 | B6: Climbing | C6: Outdoor | E6: 0 | H6: 2 | I6: 5 | J6: 2 | K6: Accumulation | L6: Outdoor easy | M6: =IF(OR(B6<>"Yielding",E6="",F6="",F6<6),"",IF(D6="Heavy-3s",ROUND(E6*100/(40+6*F6)/1.1,1),ROUND(E6*100/(40+6*F6),1)))
A7: 46134 | B7: Yielding | C7: Board | E7: 25 | H7: 2 | I7: 5 | J7: 3 | K7: Accumulation | L7: Felt weaker, bit hurt finger | M7: =IF(OR(B7<>"Yielding",E7="",F7="",F7<6),"",IF(D7="Heavy-3s",ROUND(E7*100/(40+6*F7)/1.1,1),ROUND(E7*100/(40+6*F7),1)))
A8: 46136 | B8: OI | C8: Gym | E8: 0 | H8: 2 | I8: 5 | J8: 2 | K8: Accumulation | L8: Project attempts, cold | M8: =IF(OR(B8<>"Yielding",E8="",F8="",F8<6),"",IF(D8="Heavy-3s",ROUND(E8*100/(40+6*F8)/1.1,1),ROUND(E8*100/(40+6*F8),1)))
A9: 46140 | B9: OI | C9: Gym | E9: 0 | H9: 1 | I9: 5 | J9: 2 | K9: Accumulation | L9: Tired after work | M9: =IF(OR(B9<>"Yielding",E9="",F9="",F9<6),"",IF(D9="Heavy-3s",ROUND(E9*100/(40+6*F9)/1.1,1),ROUND(E9*100/(40+6*F9),1)))
A10: 46142 | B10: OI | C10: Gym | E10: 0 | H10: 3 | I10: 5 | J10: 3 | K10: Accumulation | L10: Struggle to express power | M10: =IF(OR(B10<>"Yielding",E10="",F10="",F10<6),"",IF(D10="Heavy-3s",ROUND(E10*100/(40+6*F10)/1.1,1),ROUND(E10*100/(40+6*F10),1)))
A11: 46143 | B11: Yielding | C11: Board | E11: 15 | H11: 4 | I11: 5 | J11: 2 | K11: Accumulation | L11: Good session, good execution, sent project | M11: =IF(OR(B11<>"Yielding",E11="",F11="",F11<6),"",IF(D11="Heavy-3s",ROUND(E11*100/(40+6*F11)/1.1,1),ROUND(E11*100/(40+6*F11),1)))
A12: 46146 | B12: Yielding | C12: Board | E12: 20 | H12: 3 | I12: 8 | J12: 2 | K12: Accumulation | L12: Low energy but felt strong | M12: =IF(OR(B12<>"Yielding",E12="",F12="",F12<6),"",IF(D12="Heavy-3s",ROUND(E12*100/(40+6*F12)/1.1,1),ROUND(E12*100/(40+6*F12),1)))
A13: 46149 | B13: OI | C13: Gym | E13: 0 | H13: 4 | I13: 8 | J13: 2 | K13: Accumulation | L13: Felt good, sent alot, but felt dead fast. Low food | M13: =IF(OR(B13<>"Yielding",E13="",F13="",F13<6),"",IF(D13="Heavy-3s",ROUND(E13*100/(40+6*F13)/1.1,1),ROUND(E13*100/(40+6*F13),1)))
A14: 46151 | B14: Climbing | C14: Outdoor | H14: 2 | I14: 7 | J14: 3 | K14: Accumulation | L14: Fun session, might go hangboard tomorrow | M14: =IF(OR(B14<>"Yielding",E14="",F14="",F14<6),"",IF(D14="Heavy-3s",ROUND(E14*100/(40+6*F14)/1.1,1),ROUND(E14*100/(40+6*F14),1)))
A15: 46152 | B15: OI | C15: Other | D15: OI | E15: 0 | H15: 3 | I15: 6 | J15: 3 | K15: Accumulation | L15: Did some hb, felt abit tired | M15: =IF(OR(B15<>"Yielding",E15="",F15="",F15<6),"",IF(D15="Heavy-3s",ROUND(E15*100/(40+6*F15)/1.1,1),ROUND(E15*100/(40+6*F15),1)))
A16: 46154 | B16: Yielding | C16: Board | D16: Heavy | E16: 25 | F16: 10 | G16: 3 | H16: 3 | I16: 6 | J16: 2 | K16: Trans I 1/4 | L16: Felt ok on hb, but tired spray sesh | M16: =IF(OR(B16<>"Yielding",E16="",F16="",F16<6),"",IF(D16="Heavy-3s",ROUND(E16*100/(40+6*F16)/1.1,1),ROUND(E16*100/(40+6*F16),1))) -> 25
A17: 46156 | B17: Yielding | C17: Gym | D17: Volume | E17: 20 | F17: 10 | G17: 3 | H17: 3 | I17: 3 | J17: 4 | K17: Trans I 1/4 | L17: Felt weak, tired, hb weak | M17: =IF(OR(B17<>"Yielding",E17="",F17="",F17<6),"",IF(D17="Heavy-3s",ROUND(E17*100/(40+6*F17)/1.1,1),ROUND(E17*100/(40+6*F17),1))) -> 20
A18: 46158 | B18: OI | C18: Gym | D18: OI | E18: 0 | G18: 0 | H18: 1 | I18: 2 | J18: 3 | K18: Trans I 1/4 | L18: Week sesh, hangout tired sore | M18: =IF(OR(B18<>"Yielding",E18="",F18="",F18<6),"",IF(D18="Heavy-3s",ROUND(E18*100/(40+6*F18)/1.1,1),ROUND(E18*100/(40+6*F18),1)))
A19: 46161 | B19: Yielding | C19: Other | D19: Heavy | E19: 25 | F19: 10 | G19: 3 | H19: 1 | I19: 4 | J19: 3 | K19: Trans I 1/4 | L19: Only hb, felt disconnected | M19: =IF(OR(B19<>"Yielding",E19="",F19="",F19<6),"",IF(D19="Heavy-3s",ROUND(E19*100/(40+6*F19)/1.1,1),ROUND(E19*100/(40+6*F19),1))) -> 25
A20: 46166 | B20: OI | C20: Gym | D20: OI | E20: 0 | H20: 4 | I20: 6 | J20: 3 | K20: Trans I 1/4 | L20: Felt ok after a long rest | M20: =IF(OR(B20<>"Yielding",E20="",F20="",F20<6),"",IF(D20="Heavy-3s",ROUND(E20*100/(40+6*F20)/1.1,1),ROUND(E20*100/(40+6*F20),1)))
A21: 46168 | B21: Yielding | C21: Board | D21: Heavy | E21: 25 | F21: 9 | G21: 3 | H21: 3 | I21: 8 | J21: 4 | K21: Trans I 1/4 | L21: Felt strong on hb, 25 felt controlled, spray was easy | M21: =IF(OR(B21<>"Yielding",E21="",F21="",F21<6),"",IF(D21="Heavy-3s",ROUND(E21*100/(40+6*F21)/1.1,1),ROUND(E21*100/(40+6*F21),1))) -> 26.6
A22: 46170 | B22: OI | C22: Gym | D22: OI | H22: 4 | I22: 5 | J22: 3 | K22: Trans I 1/4 | L22: Tired after work | M22: =IF(OR(B22<>"Yielding",E22="",F22="",F22<6),"",IF(D22="Heavy-3s",ROUND(E22*100/(40+6*F22)/1.1,1),ROUND(E22*100/(40+6*F22),1)))
A23: 46173 | B23: Yielding | C23: Other | D23: Volume | E23: 20 | F23: 7 | G23: 5 | H23: 2 | I23: 7 | J23: 3 | K23: Trans I 1/4 | L23: Good sesh ggs! | M23: =IF(OR(B23<>"Yielding",E23="",F23="",F23<6),"",IF(D23="Heavy-3s",ROUND(E23*100/(40+6*F23)/1.1,1),ROUND(E23*100/(40+6*F23),1))) -> 24.4
M24: =IF(OR(B24<>"Yielding",E24="",F24="",F24<6),"",IF(D24="Heavy-3s",ROUND(E24*100/(40+6*F24)/1.1,1),ROUND(E24*100/(40+6*F24),1)))
M25: =IF(OR(B25<>"Yielding",E25="",F25="",F25<6),"",IF(D25="Heavy-3s",ROUND(E25*100/(40+6*F25)/1.1,1),ROUND(E25*100/(40+6*F25),1)))
M26: =IF(OR(B26<>"Yielding",E26="",F26="",F26<6),"",IF(D26="Heavy-3s",ROUND(E26*100/(40+6*F26)/1.1,1),ROUND(E26*100/(40+6*F26),1)))
M27: =IF(OR(B27<>"Yielding",E27="",F27="",F27<6),"",IF(D27="Heavy-3s",ROUND(E27*100/(40+6*F27)/1.1,1),ROUND(E27*100/(40+6*F27),1)))
M28: =IF(OR(B28<>"Yielding",E28="",F28="",F28<6),"",IF(D28="Heavy-3s",ROUND(E28*100/(40+6*F28)/1.1,1),ROUND(E28*100/(40+6*F28),1)))
M29: =IF(OR(B29<>"Yielding",E29="",F29="",F29<6),"",IF(D29="Heavy-3s",ROUND(E29*100/(40+6*F29)/1.1,1),ROUND(E29*100/(40+6*F29),1)))
M30: =IF(OR(B30<>"Yielding",E30="",F30="",F30<6),"",IF(D30="Heavy-3s",ROUND(E30*100/(40+6*F30)/1.1,1),ROUND(E30*100/(40+6*F30),1)))
M31: =IF(OR(B31<>"Yielding",E31="",F31="",F31<6),"",IF(D31="Heavy-3s",ROUND(E31*100/(40+6*F31)/1.1,1),ROUND(E31*100/(40+6*F31),1)))
M32: =IF(OR(B32<>"Yielding",E32="",F32="",F32<6),"",IF(D32="Heavy-3s",ROUND(E32*100/(40+6*F32)/1.1,1),ROUND(E32*100/(40+6*F32),1)))
M33: =IF(OR(B33<>"Yielding",E33="",F33="",F33<6),"",IF(D33="Heavy-3s",ROUND(E33*100/(40+6*F33)/1.1,1),ROUND(E33*100/(40+6*F33),1)))
M34: =IF(OR(B34<>"Yielding",E34="",F34="",F34<6),"",IF(D34="Heavy-3s",ROUND(E34*100/(40+6*F34)/1.1,1),ROUND(E34*100/(40+6*F34),1)))
M35: =IF(OR(B35<>"Yielding",E35="",F35="",F35<6),"",IF(D35="Heavy-3s",ROUND(E35*100/(40+6*F35)/1.1,1),ROUND(E35*100/(40+6*F35),1)))
... M300: =IF(OR(B300<>"Yielding",E300="",F300="",F300<6),"",IF(D300="Heavy-3s",ROUND(E300*100/(40+6*F300)/1.1,1),ROUND(E300*100/(40+6*F300),1)))
M301: =IF(OR(B301<>"Yielding",E301="",F301="",F301<6),"",ROUND(E301*100/(40+6*F301),1))
M302: =IF(OR(B302<>"Yielding",E302="",F302="",F302<6),"",ROUND(E302*100/(40+6*F302),1))
M303: =IF(OR(B303<>"Yielding",E303="",F303="",F303<6),"",ROUND(E303*100/(40+6*F303),1))
M304: =IF(OR(B304<>"Yielding",E304="",F304="",F304<6),"",ROUND(E304*100/(40+6*F304),1))
M305: =IF(OR(B305<>"Yielding",E305="",F305="",F305<6),"",ROUND(E305*100/(40+6*F305),1))
M306: =IF(OR(B306<>"Yielding",E306="",F306="",F306<6),"",ROUND(E306*100/(40+6*F306),1))
M307: =IF(OR(B307<>"Yielding",E307="",F307="",F307<6),"",ROUND(E307*100/(40+6*F307),1))
M308: =IF(OR(B308<>"Yielding",E308="",F308="",F308<6),"",ROUND(E308*100/(40+6*F308),1))
M309: =IF(OR(B309<>"Yielding",E309="",F309="",F309<6),"",ROUND(E309*100/(40+6*F309),1))
M310: =IF(OR(B310<>"Yielding",E310="",F310="",F310<6),"",ROUND(E310*100/(40+6*F310),1))
M311: =IF(OR(B311<>"Yielding",E311="",F311="",F311<6),"",ROUND(E311*100/(40+6*F311),1))
M312: =IF(OR(B312<>"Yielding",E312="",F312="",F312<6),"",ROUND(E312*100/(40+6*F312),1))
... M404: =IF(OR(B404<>"Yielding",E404="",F404="",F404<6),"",ROUND(E404*100/(40+6*F404),1))

Sheet Weekly Plan
A1: Weekly Plan — 16-Week Program, Transmutation Entry
A2: From W4 on: Tue = OI primer + limit board, Thu = volume yielding, Sat = heavy yielding, Sun = rest (3 finger sessions/wk). W1–W3 ran the old Tue-heavy / Sat–Sun-OI layout and are left as completed. Fill the Done?/Actual column after each session. Update Reference if benchmark changes after a test.
A4: W1 | B4: May 11 – May 17, 2026 | C4: Transmutation I (W1 of 4) — Discovery week
A5: Focus: | B5: First week of 2x yielding. Tue at @8.5 target. Pay attention to how Thursday feels relative to Tuesday — that 48h gap is the unknown variable.
A6: Day | B6: Session | C6: Target / Loads / Sets | D6: RPE Target | E6: Done? / Actual
A7: Mon | B7: Rest | C7: No fingers. Easy mobility / sleep priority. | D7: —
A8: Tue | B8: YIELDING — Heavy | C8: Warmup → Top set @8.5 (target ~+24 kg, 7s) | 3 back-offs at 92–95% with fatigue stop | D8: @8.5 / @8 | E8: Done
A9: Wed | B9: Rest or easy climbing | C9: Jugs / volume only, no max fingers. | D9: —
A10: Thu | B10: YIELDING — Volume | C10: 82–85% of Tue top set, 4 sets, 7s (FIXED — no extensions in W1) | If RPE creeps to @8.5+ by set 3, drop load 5% and finish remaining sets. End early only if joint discomfort. | D10: @7–8 | E10: Done
A11: Fri | B11: Rest or easy climbing | C11: — | D11: —
A12: Sat | B12: OI — Beastmaker 22mm | C12: 4–5 sets max squeeze, 5–7s, 3–5 min rest | D12: Max neural | E12: Done
A13: Sun | B13: OI — Beastmaker 22mm | C13: 4–5 sets max squeeze, 5–7s, 3–5 min rest | D13: Max neural
A15: W2 | B15: May 18 – May 24, 2026 | C15: Transmutation I (W2 of 4)
A16: Focus: | B16: If W1 felt manageable, increment Tue top set toward @9. Thursday can extend to 5 sets if W1 Thursday was clean.
A17: Day | B17: Session | C17: Target / Loads / Sets | D17: RPE Target | E17: Done? / Actual
A18: Mon | B18: Rest | C18: — | D18: —
A19: Tue | B19: YIELDING — Heavy | C19: Top set @8.5–9 (target ~+25 kg) | 3–5 back-offs at 92–95%, fatigue stop on | D19: @8.5–9 / @8 | E19: Done
A20: Wed | B20: Rest or easy climbing | C20: — | D20: —
A21: Thu | B21: YIELDING — Volume | C21: 82–85% of Tue top set, 4–5 sets, 7s (FIXED) | If RPE creeps to @8.5+ by set 3, drop load 5% and finish remaining sets. End early only if joint discomfort. | D21: @7–8 | E21: Skipped
A22: Fri | B22: Rest or easy climbing | C22: — | D22: —
A23: Sat | B23: OI — Beastmaker 22mm | C23: 4–5 sets | D23: Max neural | E23: Done
A24: Sun | B24: OI — Beastmaker 22mm | C24: 4–5 sets | D24: Max neural
A26: W3 | B26: May 25 – May 31, 2026 | C26: Transmutation I (W3 of 4)
A27: Focus: | B27: Holding @9 ceiling. Small increment if last Tue top set felt @8 rather than @9.
A28: Day | B28: Session | C28: Target / Loads / Sets | D28: RPE Target | E28: Done? / Actual
A29: Mon | B29: Rest | C29: — | D29: —
A30: Tue | B30: YIELDING — Heavy | C30: Top set @9 (target ~+26 kg) | 3–5 back-offs, fatigue stop | D30: @9 / @8 | E30: Done
A31: Wed | B31: Rest or easy climbing | C31: — | D31: —
A32: Thu | B32: YIELDING — Volume | C32: 82–85% of Tue top set, 4–5 sets (FIXED) | If RPE creeps to @8.5+ by set 3, drop load 5% and finish remaining sets. End early only if joint discomfort. | D32: @7–8 | E32: Done
A33: Fri | B33: Rest or easy climbing | C33: — | D33: —
A34: Sat | B34: OI — Beastmaker 22mm | C34: 4–5 sets | D34: Max neural | E34: Done
A35: Sun | B35: OI — Beastmaker 22mm | C35: 4–5 sets | D35: Max neural
A37: W4 | B37: Jun 01 – Jun 07, 2026 | C37: Transmutation I (W4 of 4) — Last push
A38: Focus: | B38: Final push before deload. Set the top of T1 — should be +26–27 kg @9 if progression has been clean.
A39: Day | B39: Session | C39: Target / Loads / Sets | D39: RPE Target | E39: Done? / Actual
A40: Mon | B40: Rest | C40: — | D40: —
A41: Tue | B41: OI primer + LIMIT BOARD | C41: OI primer: 3–4 sets max squeeze, 5s, full rest (potentiate) → then limit boulder session | D41: Max neural / board
A42: Wed | B42: Rest or easy climbing | C42: — | D42: —
A43: Thu | B43: YIELDING — Volume | C43: 4–5 sets @ ~20.5 kg (85% of heavy top set) — FIXED, no extensions | If RPE creeps to @8.5+ by set 3, drop load 5% and finish remaining sets. End early only if joint discomfort. | D43: @7–8
A44: Fri | B44: Rest or easy climbing | C44: — | D44: —
A45: Sat | B45: YIELDING — Heavy | C45: Find today's top set — RPE leads (target in → col). WM anchor: ~25 kg. Load up/down freely. Back-offs: 2–3 sets at genuinely @7–8 (~4–5 kg lighter than top). | Fatigue stop: halt back-offs if (1) can't hold full 5s at back-off load, (2) load must drop >5% to stay @8, (3) grip breaks before second 4, (4) any joint discomfort. | D45: @9 / @8
A46: Sun | B46: Rest | C46: — | D46: —
A48: W5 | B48: Jun 08 – Jun 14, 2026 | C48: DELOAD + BENCHMARK TEST
A49: Focus: | B49: Tue deload. Thu benchmark test on fresh fingers. UPDATE Reference benchmark after the test — Trans II percentages anchor on this number.
A50: Day | B50: Session | C50: Target / Loads / Sets | D50: RPE Target | E50: Done? / Actual
A51: Mon | B51: Rest | C51: Sleep, eat, recover. | D51: —
A52: Tue | B52: YIELDING — Light deload | C52: ="3 sets @ ~"&TEXT('Working Loads'!D27,"0.#")&" kg (75% benchmark), 5s, no fatigue chasing" -> 3 sets @ ~19 kg (75% benchmark), 5s, no fatigue chasing | D52: @6–7
A53: Wed | B53: Rest | C53: — | D53: —
A54: Thu | B54: Rest or easy climbing | C54: — | D54: —
A55: Fri | B55: Rest | C55: — | D55: —
A56: Sat | B56: BENCHMARK TEST | C56: Warmup thoroughly. 1 set: find max load for 5s @9–9.5. Document new benchmark. | D56: @9–9.5
A57: Sun | B57: Rest | C57: — | D57: —
A59: W6 | B59: Jun 15 – Jun 21, 2026 | C59: Transmutation II (W1 of 4)
A60: Focus: | B60: Peak intensity opens with the new benchmark. Tue @9–9.5, Thursday loads bump up to 85–88% of Tue.
A61: Day | B61: Session | C61: Target / Loads / Sets | D61: RPE Target | E61: Done? / Actual
A62: Mon | B62: Rest | C62: — | D62: —
A63: Tue | B63: OI primer + LIMIT BOARD | C63: OI primer: 3–4 sets max squeeze, 5s, full rest (potentiate) → then limit boulder session | D63: Max neural / board
A64: Wed | B64: Rest or easy climbing | C64: — | D64: —
A65: Thu | B65: YIELDING — Volume | C65: 4–5 sets @ ~21 kg (86% of heavy top set) — FIXED, no extensions | If RPE creeps to @8.5+ by set 3, drop load 5% and finish remaining sets. End early only if joint discomfort. | D65: @8
A66: Fri | B66: Rest or easy climbing | C66: — | D66: —
A67: Sat | B67: YIELDING — Heavy | C67: Find today's top set — RPE leads (target in → col). WM anchor: ~25 kg. Load up/down freely. Back-offs: 2–3 sets at genuinely @7–8 (~4–5 kg lighter than top). | Fatigue stop: halt back-offs if (1) can't hold full 5s at back-off load, (2) load must drop >5% to stay @8, (3) grip breaks before second 4, (4) any joint discomfort. | D67: @9–9.5 / @8
A68: Sun | B68: Rest | C68: — | D68: —
A70: W7 | B70: Jun 22 – Jun 28, 2026 | C70: Transmutation II (W2 of 4)
A71: Focus: | B71: Push the benchmark. PR territory. Watch Thu → Sat recovery — that's the canary.
A72: Day | B72: Session | C72: Target / Loads / Sets | D72: RPE Target | E72: Done? / Actual
A73: Mon | B73: Rest | C73: — | D73: —
A74: Tue | B74: OI primer + LIMIT BOARD | C74: OI primer: 3–4 sets max squeeze, 5s, full rest (potentiate) → then limit boulder session | D74: Max neural / board
A75: Wed | B75: Rest or easy climbing | C75: — | D75: —
A76: Thu | B76: YIELDING — Volume | C76: 4–5 sets @ ~21.5 kg (87% of heavy top set) — FIXED, no extensions | If RPE creeps to @8.5+ by set 3, drop load 5% and finish remaining sets. End early only if joint discomfort. | D76: @8
A77: Fri | B77: Rest or easy climbing | C77: — | D77: —
A78: Sat | B78: YIELDING — Heavy | C78: Find today's top set — RPE leads (target in → col). WM anchor: ~25 kg. Load up/down freely. Back-offs: 2–3 sets at genuinely @7–8 (~4–5 kg lighter than top). | Fatigue stop: halt back-offs if (1) can't hold full 5s at back-off load, (2) load must drop >5% to stay @8, (3) grip breaks before second 4, (4) any joint discomfort. | D78: @9–9.5 / @8
A79: Sun | B79: Rest | C79: — | D79: —
A81: W8 | B81: Jun 29 – Jul 05, 2026 | C81: Transmutation II (W3 of 4)
A82: Focus: | B82: Continued push. If Thu RPE creeps past @8.5, drop load 5%. If recovery is degrading, drop OI to 1/week.
A83: Day | B83: Session | C83: Target / Loads / Sets | D83: RPE Target | E83: Done? / Actual
A84: Mon | B84: Rest | C84: — | D84: —
A85: Tue | B85: OI primer + LIMIT BOARD | C85: OI primer: 3–4 sets max squeeze, 5s, full rest (potentiate) → then limit boulder session | D85: Max neural / board
A86: Wed | B86: Rest or easy climbing | C86: — | D86: —
A87: Thu | B87: YIELDING — Volume | C87: 4–5 sets @ ~21.5 kg (87% of heavy top set) — FIXED, no extensions | If RPE creeps to @8.5+ by set 3, drop load 5% and finish remaining sets. End early only if joint discomfort. | D87: @8
A88: Fri | B88: Rest or easy climbing | C88: — | D88: —
A89: Sat | B89: YIELDING — Heavy | C89: Find today's top set — RPE leads (target in → col). WM anchor: ~25 kg. Load up/down freely. Back-offs: 2–3 sets at genuinely @7–8 (~4–5 kg lighter than top). | Fatigue stop: halt back-offs if (1) can't hold full 5s at back-off load, (2) load must drop >5% to stay @8, (3) grip breaks before second 4, (4) any joint discomfort. | D89: @9–9.5 / @8
A90: Sun | B90: Rest | C90: — | D90: —
A92: W9 | B92: Jul 06 – Jul 12, 2026 | C92: Transmutation II (W4 of 4) — Last push
A93: Focus: | B93: Final hard week before deload. If no exit-criteria triggered, push one more increment.
A94: Day | B94: Session | C94: Target / Loads / Sets | D94: RPE Target | E94: Done? / Actual
A95: Mon | B95: Rest | C95: — | D95: —
A96: Tue | B96: OI primer + LIMIT BOARD | C96: OI primer: 3–4 sets max squeeze, 5s, full rest (potentiate) → then limit boulder session | D96: Max neural / board
A97: Wed | B97: Rest or easy climbing | C97: — | D97: —
A98: Thu | B98: YIELDING — Volume | C98: 4–5 sets @ ~22 kg (88% of heavy top set) — FIXED, no extensions | If RPE creeps to @8.5+ by set 3, drop load 5% and finish remaining sets. End early only if joint discomfort. | D98: @8
A99: Fri | B99: Rest or easy climbing | C99: — | D99: —
A100: Sat | B100: YIELDING — Heavy | C100: Find today's top set — RPE leads (target in → col). WM anchor: ~25 kg. Load up/down freely. Back-offs: 2–3 sets at genuinely @7–8 (~4–5 kg lighter than top). | Fatigue stop: halt back-offs if (1) can't hold full 5s at back-off load, (2) load must drop >5% to stay @8, (3) grip breaks before second 4, (4) any joint discomfort. | D100: @9–9.5 / @8
A101: Sun | B101: Rest | C101: — | D101: —
A103: W10 | B103: Jul 13 – Jul 19, 2026 | C103: DELOAD + BENCHMARK TEST
A104: Focus: | B104: Tue deload. Thu benchmark test. UPDATE Reference benchmark — Peak Intensity anchors on this.
A105: Day | B105: Session | C105: Target / Loads / Sets | D105: RPE Target | E105: Done? / Actual
A106: Mon | B106: Rest | C106: — | D106: —
A107: Tue | B107: YIELDING — Light deload | C107: ="3 sets @ ~"&TEXT('Working Loads'!D32,"0.#")&" kg (75% benchmark), 5s, no fatigue chasing" -> 3 sets @ ~19 kg (75% benchmark), 5s, no fatigue chasing | D107: @6–7
A108: Wed | B108: Rest | C108: — | D108: —
A109: Thu | B109: Rest or easy climbing | C109: — | D109: —
A110: Fri | B110: Rest | C110: — | D110: —
...

Sheet Progression
A1: Progression
A2: Auto-summarized from the Log tab. Add sessions to Log and these stats update.
A4: Current Stats | D4: Recent Yielding Sessions
A5: Current yielding benchmark (max top set load) | B5: =IFERROR(SUMPRODUCT(MAX((Log!B5:B404="Yielding")*N(Log!E5:E404))),"") -> 25 | D5: Date | E5: Top Set (kg) | F5: RPE | G5: Day Role
A6: Last yielding top set load (kg) | B6: =IFERROR(LOOKUP(2,1/((Log!B5:B404="Yielding")*(Log!E5:E404<>"")),Log!E5:E404),"") -> 20 | D6: {=IFERROR(IF(SUMPRODUCT(LARGE((Log!B5:B404="Yielding")*ROW(Log!B5:B404),1))=0,"",INDEX(Log!A:A,SUMPRODUCT(LARGE((Log!B5:B404="Yielding")*ROW(Log!B5:B404),1)))),"")} -> 46173 | E6: {=IFERROR(IF(SUMPRODUCT(LARGE((Log!B5:B404="Yielding")*ROW(Log!B5:B404),1))=0,"",INDEX(Log!E:E,SUMPRODUCT(LARGE((Log!B5:B404="Yielding")*ROW(Log!B5:B404),1)))),"")} -> 20 | F6: {=IFERROR(IF(SUMPRODUCT(LARGE((Log!B5:B404="Yielding")*ROW(Log!B5:B404),1))=0,"",INDEX(Log!F:F,SUMPRODUCT(LARGE((Log!B5:B404="Yielding")*ROW(Log!B5:B404),1)))),"")} -> 7 | G6: {=IFERROR(IF(SUMPRODUCT(LARGE((Log!B5:B404="Yielding")*ROW(Log!B5:B404),1))=0,"",INDEX(Log!D:D,SUMPRODUCT(LARGE((Log!B5:B404="Yielding")*ROW(Log!B5:B404),1)))),"")} -> Volume
A7: Last yielding date | B7: =IFERROR(LOOKUP(2,1/((Log!B5:B404="Yielding")*(Log!E5:E404<>"")),Log!A5:A404),"") -> 46173 | D7: {=IFERROR(IF(SUMPRODUCT(LARGE((Log!B5:B404="Yielding")*ROW(Log!B5:B404),2))=0,"",INDEX(Log!A:A,SUMPRODUCT(LARGE((Log!B5:B404="Yielding")*ROW(Log!B5:B404),2)))),"")} -> 46168 | E7: {=IFERROR(IF(SUMPRODUCT(LARGE((Log!B5:B404="Yielding")*ROW(Log!B5:B404),2))=0,"",INDEX(Log!E:E,SUMPRODUCT(LARGE((Log!B5:B404="Yielding")*ROW(Log!B5:B404),2)))),"")} -> 25 | F7: {=IFERROR(IF(SUMPRODUCT(LARGE((Log!B5:B404="Yielding")*ROW(Log!B5:B404),2))=0,"",INDEX(Log!F:F,SUMPRODUCT(LARGE((Log!B5:B404="Yielding")*ROW(Log!B5:B404),2)))),"")} -> 9 | G7: {=IFERROR(IF(SUMPRODUCT(LARGE((Log!B5:B404="Yielding")*ROW(Log!B5:B404),2))=0,"",INDEX(Log!D:D,SUMPRODUCT(LARGE((Log!B5:B404="Yielding")*ROW(Log!B5:B404),2)))),"")} -> Heavy
A8: Last yielding RPE | B8: =IFERROR(LOOKUP(2,1/((Log!B5:B404="Yielding")*(Log!F5:F404<>"")),Log!F5:F404),"") -> 7 | D8: {=IFERROR(IF(SUMPRODUCT(LARGE((Log!B5:B404="Yielding")*ROW(Log!B5:B404),3))=0,"",INDEX(Log!A:A,SUMPRODUCT(LARGE((Log!B5:B404="Yielding")*ROW(Log!B5:B404),3)))),"")} -> 46161 | E8: {=IFERROR(IF(SUMPRODUCT(LARGE((Log!B5:B404="Yielding")*ROW(Log!B5:B404),3))=0,"",INDEX(Log!E:E,SUMPRODUCT(LARGE((Log!B5:B404="Yielding")*ROW(Log!B5:B404),3)))),"")} -> 25 | F8: {=IFERROR(IF(SUMPRODUCT(LARGE((Log!B5:B404="Yielding")*ROW(Log!B5:B404),3))=0,"",INDEX(Log!F:F,SUMPRODUCT(LARGE((Log!B5:B404="Yielding")*ROW(Log!B5:B404),3)))),"")} -> 10 | G8: {=IFERROR(IF(SUMPRODUCT(LARGE((Log!B5:B404="Yielding")*ROW(Log!B5:B404),3))=0,"",INDEX(Log!D:D,SUMPRODUCT(LARGE((Log!B5:B404="Yielding")*ROW(Log!B5:B404),3)))),"")} -> Heavy
A9: Total yielding sessions | B9: =COUNTIF(Log!B5:B404,"Yielding") -> 9 | D9: {=IFERROR(IF(SUMPRODUCT(LARGE((Log!B5:B404="Yielding")*ROW(Log!B5:B404),4))=0,"",INDEX(Log!A:A,SUMPRODUCT(LARGE((Log!B5:B404="Yielding")*ROW(Log!B5:B404),4)))),"")} -> 46156 | E9: {=IFERROR(IF(SUMPRODUCT(LARGE((Log!B5:B404="Yielding")*ROW(Log!B5:B404),4))=0,"",INDEX(Log!E:E,SUMPRODUCT(LARGE((Log!B5:B404="Yielding")*ROW(Log!B5:B404),4)))),"")} -> 20 | F9: {=IFERROR(IF(SUMPRODUCT(LARGE((Log!B5:B404="Yielding")*ROW(Log!B5:B404),4))=0,"",INDEX(Log!F:F,SUMPRODUCT(LARGE((Log!B5:B404="Yielding")*ROW(Log!B5:B404),4)))),"")} -> 10 | G9: {=IFERROR(IF(SUMPRODUCT(LARGE((Log!B5:B404="Yielding")*ROW(Log!B5:B404),4))=0,"",INDEX(Log!D:D,SUMPRODUCT(LARGE((Log!B5:B404="Yielding")*ROW(Log!B5:B404),4)))),"")} -> Volume
A10: Total OI sessions | B10: =COUNTIF(Log!B5:B404,"OI") -> 8 | D10: {=IFERROR(IF(SUMPRODUCT(LARGE((Log!B5:B404="Yielding")*ROW(Log!B5:B404),5))=0,"",INDEX(Log!A:A,SUMPRODUCT(LARGE((Log!B5:B404="Yielding")*ROW(Log!B5:B404),5)))),"")} -> 46154 | E10: {=IFERROR(IF(SUMPRODUCT(LARGE((Log!B5:B404="Yielding")*ROW(Log!B5:B404),5))=0,"",INDEX(Log!E:E,SUMPRODUCT(LARGE((Log!B5:B404="Yielding")*ROW(Log!B5:B404),5)))),"")} -> 25 | F10: {=IFERROR(IF(SUMPRODUCT(LARGE((Log!B5:B404="Yielding")*ROW(Log!B5:B404),5))=0,"",INDEX(Log!F:F,SUMPRODUCT(LARGE((Log!B5:B404="Yielding")*ROW(Log!B5:B404),5)))),"")} -> 10 | G10: {=IFERROR(IF(SUMPRODUCT(LARGE((Log!B5:B404="Yielding")*ROW(Log!B5:B404),5))=0,"",INDEX(Log!D:D,SUMPRODUCT(LARGE((Log!B5:B404="Yielding")*ROW(Log!B5:B404),5)))),"")} -> Heavy
A11: Total climbing sessions | B11: =COUNTIF(Log!B5:B404,"Climbing") -> 2 | D11: {=IFERROR(IF(SUMPRODUCT(LARGE((Log!B5:B404="Yielding")*ROW(Log!B5:B404),6))=0,"",INDEX(Log!A:A,SUMPRODUCT(LARGE((Log!B5:B404="Yielding")*ROW(Log!B5:B404),6)))),"")} -> 46146 | E11: {=IFERROR(IF(SUMPRODUCT(LARGE((Log!B5:B404="Yielding")*ROW(Log!B5:B404),6))=0,"",INDEX(Log!E:E,SUMPRODUCT(LARGE((Log!B5:B404="Yielding")*ROW(Log!B5:B404),6)))),"")} -> 20 | F11: =IFERROR(IF(SUMPRODUCT(LARGE((Log!B5:B404="Yielding")*ROW(Log!B5:B404),6))=0,"",INDEX(Log!F:F,SUMPRODUCT(LARGE((Log!B5:B404="Yielding")*ROW(Log!B5:B404),6)))),"") -> 0 | G11: =IFERROR(IF(SUMPRODUCT(LARGE((Log!B5:B404="Yielding")*ROW(Log!B5:B404),6))=0,"",INDEX(Log!D:D,SUMPRODUCT(LARGE((Log!B5:B404="Yielding")*ROW(Log!B5:B404),6)))),"") -> 0
A12: Avg next-day feel (last 10 sessions) | B12: =IFERROR(AVERAGE(OFFSET(Log!J5,MAX(0,COUNTA(Log!A5:A404)-10),0,MIN(10,COUNTA(Log!A5:A404)),1)),"") -> 3.1 | D12: {=IFERROR(IF(SUMPRODUCT(LARGE((Log!B5:B404="Yielding")*ROW(Log!B5:B404),7))=0,"",INDEX(Log!A:A,SUMPRODUCT(LARGE((Log!B5:B404="Yielding")*ROW(Log!B5:B404),7)))),"")} -> 46143 | E12: {=IFERROR(IF(SUMPRODUCT(LARGE((Log!B5:B404="Yielding")*ROW(Log!B5:B404),7))=0,"",INDEX(Log!E:E,SUMPRODUCT(LARGE((Log!B5:B404="Yielding")*ROW(Log!B5:B404),7)))),"")} -> 15 | F12: =IFERROR(IF(SUMPRODUCT(LARGE((Log!B5:B404="Yielding")*ROW(Log!B5:B404),7))=0,"",INDEX(Log!F:F,SUMPRODUCT(LARGE((Log!B5:B404="Yielding")*ROW(Log!B5:B404),7)))),"") -> 0 | G12: =IFERROR(IF(SUMPRODUCT(LARGE((Log!B5:B404="Yielding")*ROW(Log!B5:B404),7))=0,"",INDEX(Log!D:D,SUMPRODUCT(LARGE((Log!B5:B404="Yielding")*ROW(Log!B5:B404),7)))),"") -> 0
A13: Avg top set RPE (last 5 yielding) | B13: =IFERROR(AVERAGEIF(OFFSET(Log!F5,MAX(0,COUNTIF(Log!B5:B404,"Yielding")-5),0,MIN(5,COUNTIF(Log!B5:B404,"Yielding")),1),"<>"),"") | D13: {=IFERROR(IF(SUMPRODUCT(LARGE((Log!B5:B404="Yielding")*ROW(Log!B5:B404),8))=0,"",INDEX(Log!A:A,SUMPRODUCT(LARGE((Log!B5:B404="Yielding")*ROW(Log!B5:B404),8)))),"")} -> 46134 | E13: {=IFERROR(IF(SUMPRODUCT(LARGE((Log!B5:B404="Yielding")*ROW(Log!B5:B404),8))=0,"",INDEX(Log!E:E,SUMPRODUCT(LARGE((Log!B5:B404="Yielding")*ROW(Log!B5:B404),8)))),"")} -> 25 | F13: =IFERROR(IF(SUMPRODUCT(LARGE((Log!B5:B404="Yielding")*ROW(Log!B5:B404),8))=0,"",INDEX(Log!F:F,SUMPRODUCT(LARGE((Log!B5:B404="Yielding")*ROW(Log!B5:B404),8)))),"") -> 0 | G13: =IFERROR(IF(SUMPRODUCT(LARGE((Log!B5:B404="Yielding")*ROW(Log!B5:B404),8))=0,"",INDEX(Log!D:D,SUMPRODUCT(LARGE((Log!B5:B404="Yielding")*ROW(Log!B5:B404),8)))),"") -> 0
A14: Yellow-flag sessions (Strength Felt ≤ 5) | B14: =COUNTIFS(Log!I5:I404,"<=5",Log!B5:B404,"<>Climbing") -> 10 | D14: {=IFERROR(IF(SUMPRODUCT(LARGE((Log!B5:B404="Yielding")*ROW(Log!B5:B404),9))=0,"",INDEX(Log!A:A,SUMPRODUCT(LARGE((Log!B5:B404="Yielding")*ROW(Log!B5:B404),9)))),"")} -> 46126 | E14: {=IFERROR(IF(SUMPRODUCT(LARGE((Log!B5:B404="Yielding")*ROW(Log!B5:B404),9))=0,"",INDEX(Log!E:E,SUMPRODUCT(LARGE((Log!B5:B404="Yielding")*ROW(Log!B5:B404),9)))),"")} -> 20 | F14: =IFERROR(IF(SUMPRODUCT(LARGE((Log!B5:B404="Yielding")*ROW(Log!B5:B404),9))=0,"",INDEX(Log!F:F,SUMPRODUCT(LARGE((Log!B5:B404="Yielding")*ROW(Log!B5:B404),9)))),"") -> 0 | G14: =IFERROR(IF(SUMPRODUCT(LARGE((Log!B5:B404="Yielding")*ROW(Log!B5:B404),9))=0,"",INDEX(Log!D:D,SUMPRODUCT(LARGE((Log!B5:B404="Yielding")*ROW(Log!B5:B404),9)))),"") -> 0
D15: {=IFERROR(IF(SUMPRODUCT(LARGE((Log!B5:B404="Yielding")*ROW(Log!B5:B404),10))=0,"",INDEX(Log!A:A,SUMPRODUCT(LARGE((Log!B5:B404="Yielding")*ROW(Log!B5:B404),10)))),"")} | E15: {=IFERROR(IF(SUMPRODUCT(LARGE((Log!B5:B404="Yielding")*ROW(Log!B5:B404),10))=0,"",INDEX(Log!E:E,SUMPRODUCT(LARGE((Log!B5:B404="Yielding")*ROW(Log!B5:B404),10)))),"")} | F15: {=IFERROR(IF(SUMPRODUCT(LARGE((Log!B5:B404="Yielding")*ROW(Log!B5:B404),10))=0,"",INDEX(Log!F:F,SUMPRODUCT(LARGE((Log!B5:B404="Yielding")*ROW(Log!B5:B404),10)))),"")} | G15: {=IFERROR(IF(SUMPRODUCT(LARGE((Log!B5:B404="Yielding")*ROW(Log!B5:B404),10))=0,"",INDEX(Log!D:D,SUMPRODUCT(LARGE((Log!B5:B404="Yielding")*ROW(Log!B5:B404),10)))),"")}
A16: Notes on stats | D16: {=IFERROR(IF(SUMPRODUCT(LARGE((Log!B5:B404="Yielding")*ROW(Log!B5:B404),11))=0,"",INDEX(Log!A:A,SUMPRODUCT(LARGE((Log!B5:B404="Yielding")*ROW(Log!B5:B404),11)))),"")} | E16: {=IFERROR(IF(SUMPRODUCT(LARGE((Log!B5:B404="Yielding")*ROW(Log!B5:B404),11))=0,"",INDEX(Log!E:E,SUMPRODUCT(LARGE((Log!B5:B404="Yielding")*ROW(Log!B5:B404),11)))),"")} | F16: {=IFERROR(IF(SUMPRODUCT(LARGE((Log!B5:B404="Yielding")*ROW(Log!B5:B404),11))=0,"",INDEX(Log!F:F,SUMPRODUCT(LARGE((Log!B5:B404="Yielding")*ROW(Log!B5:B404),11)))),"")} | G16: {=IFERROR(IF(SUMPRODUCT(LARGE((Log!B5:B404="Yielding")*ROW(Log!B5:B404),11))=0,"",INDEX(Log!D:D,SUMPRODUCT(LARGE((Log!B5:B404="Yielding")*ROW(Log!B5:B404),11)))),"")}
A17: Benchmark = max load you held for 5s @9–9.5 on a yielding session. Only valid if Top Set Load is filled in Log. | D17: {=IFERROR(IF(SUMPRODUCT(LARGE((Log!B5:B404="Yielding")*ROW(Log!B5:B404),12))=0,"",INDEX(Log!A:A,SUMPRODUCT(LARGE((Log!B5:B404="Yielding")*ROW(Log!B5:B404),12)))),"")} | E17: {=IFERROR(IF(SUMPRODUCT(LARGE((Log!B5:B404="Yielding")*ROW(Log!B5:B404),12))=0,"",INDEX(Log!E:E,SUMPRODUCT(LARGE((Log!B5:B404="Yielding")*ROW(Log!B5:B404),12)))),"")} | F17: {=IFERROR(IF(SUMPRODUCT(LARGE((Log!B5:B404="Yielding")*ROW(Log!B5:B404),12))=0,"",INDEX(Log!F:F,SUMPRODUCT(LARGE((Log!B5:B404="Yielding")*ROW(Log!B5:B404),12)))),"")} | G17: {=IFERROR(IF(SUMPRODUCT(LARGE((Log!B5:B404="Yielding")*ROW(Log!B5:B404),12))=0,"",INDEX(Log!D:D,SUMPRODUCT(LARGE((Log!B5:B404="Yielding")*ROW(Log!B5:B404),12)))),"")}
D18: {=IFERROR(IF(SUMPRODUCT(LARGE((Log!B5:B404="Yielding")*ROW(Log!B5:B404),13))=0,"",INDEX(Log!A:A,SUMPRODUCT(LARGE((Log!B5:B404="Yielding")*ROW(Log!B5:B404),13)))),"")} | E18: {=IFERROR(IF(SUMPRODUCT(LARGE((Log!B5:B404="Yielding")*ROW(Log!B5:B404),13))=0,"",INDEX(Log!E:E,SUMPRODUCT(LARGE((Log!B5:B404="Yielding")*ROW(Log!B5:B404),13)))),"")} | F18: {=IFERROR(IF(SUMPRODUCT(LARGE((Log!B5:B404="Yielding")*ROW(Log!B5:B404),13))=0,"",INDEX(Log!F:F,SUMPRODUCT(LARGE((Log!B5:B404="Yielding")*ROW(Log!B5:B404),13)))),"")} | G18: {=IFERROR(IF(SUMPRODUCT(LARGE((Log!B5:B404="Yielding")*ROW(Log!B5:B404),13))=0,"",INDEX(Log!D:D,SUMPRODUCT(LARGE((Log!B5:B404="Yielding")*ROW(Log!B5:B404),13)))),"")}
D19: {=IFERROR(IF(SUMPRODUCT(LARGE((Log!B5:B404="Yielding")*ROW(Log!B5:B404),14))=0,"",INDEX(Log!A:A,SUMPRODUCT(LARGE((Log!B5:B404="Yielding")*ROW(Log!B5:B404),14)))),"")} | E19: {=IFERROR(IF(SUMPRODUCT(LARGE((Log!B5:B404="Yielding")*ROW(Log!B5:B404),14))=0,"",INDEX(Log!E:E,SUMPRODUCT(LARGE((Log!B5:B404="Yielding")*ROW(Log!B5:B404),14)))),"")} | F19: {=IFERROR(IF(SUMPRODUCT(LARGE((Log!B5:B404="Yielding")*ROW(Log!B5:B404),14))=0,"",INDEX(Log!F:F,SUMPRODUCT(LARGE((Log!B5:B404="Yielding")*ROW(Log!B5:B404),14)))),"")} | G19: {=IFERROR(IF(SUMPRODUCT(LARGE((Log!B5:B404="Yielding")*ROW(Log!B5:B404),14))=0,"",INDEX(Log!D:D,SUMPRODUCT(LARGE((Log!B5:B404="Yielding")*ROW(Log!B5:B404),14)))),"")}
D20: {=IFERROR(IF(SUMPRODUCT(LARGE((Log!B5:B404="Yielding")*ROW(Log!B5:B404),15))=0,"",INDEX(Log!A:A,SUMPRODUCT(LARGE((Log!B5:B404="Yielding")*ROW(Log!B5:B404),15)))),"")} | E20: {=IFERROR(IF(SUMPRODUCT(LARGE((Log!B5:B404="Yielding")*ROW(Log!B5:B404),15))=0,"",INDEX(Log!E:E,SUMPRODUCT(LARGE((Log!B5:B404="Yielding")*ROW(Log!B5:B404),15)))),"")} | F20: {=IFERROR(IF(SUMPRODUCT(LARGE((Log!B5:B404="Yielding")*ROW(Log!B5:B404),15))=0,"",INDEX(Log!F:F,SUMPRODUCT(LARGE((Log!B5:B404="Yielding")*ROW(Log!B5:B404),15)))),"")} | G20: {=IFERROR(IF(SUMPRODUCT(LARGE((Log!B5:B404="Yielding")*ROW(Log!B5:B404),15))=0,"",INDEX(Log!D:D,SUMPRODUCT(LARGE((Log!B5:B404="Yielding")*ROW(Log!B5:B404),15)))),"")}
D21: {=IFERROR(IF(SUMPRODUCT(LARGE((Log!B5:B404="Yielding")*ROW(Log!B5:B404),16))=0,"",INDEX(Log!A:A,SUMPRODUCT(LARGE((Log!B5:B404="Yielding")*ROW(Log!B5:B404),16)))),"")} | E21: {=IFERROR(IF(SUMPRODUCT(LARGE((Log!B5:B404="Yielding")*ROW(Log!B5:B404),16))=0,"",INDEX(Log!E:E,SUMPRODUCT(LARGE((Log!B5:B404="Yielding")*ROW(Log!B5:B404),16)))),"")} | F21: {=IFERROR(IF(SUMPRODUCT(LARGE((Log!B5:B404="Yielding")*ROW(Log!B5:B404),16))=0,"",INDEX(Log!F:F,SUMPRODUCT(LARGE((Log!B5:B404="Yielding")*ROW(Log!B5:B404),16)))),"")} | G21: {=IFERROR(IF(SUMPRODUCT(LARGE((Log!B5:B404="Yielding")*ROW(Log!B5:B404),16))=0,"",INDEX(Log!D:D,SUMPRODUCT(LARGE((Log!B5:B404="Yielding")*ROW(Log!B5:B404),16)))),"")}
D22: {=IFERROR(IF(SUMPRODUCT(LARGE((Log!B5:B404="Yielding")*ROW(Log!B5:B404),17))=0,"",INDEX(Log!A:A,SUMPRODUCT(LARGE((Log!B5:B404="Yielding")*ROW(Log!B5:B404),17)))),"")} | E22: {=IFERROR(IF(SUMPRODUCT(LARGE((Log!B5:B404="Yielding")*ROW(Log!B5:B404),17))=0,"",INDEX(Log!E:E,SUMPRODUCT(LARGE((Log!B5:B404="Yielding")*ROW(Log!B5:B404),17)))),"")} | F22: {=IFERROR(IF(SUMPRODUCT(LARGE((Log!B5:B404="Yielding")*ROW(Log!B5:B404),17))=0,"",INDEX(Log!F:F,SUMPRODUCT(LARGE((Log!B5:B404="Yielding")*ROW(Log!B5:B404),17)))),"")} | G22: {=IFERROR(IF(SUMPRODUCT(LARGE((Log!B5:B404="Yielding")*ROW(Log!B5:B404),17))=0,"",INDEX(Log!D:D,SUMPRODUCT(LARGE((Log!B5:B404="Yielding")*ROW(Log!B5:B404),17)))),"")}
D23: {=IFERROR(IF(SUMPRODUCT(LARGE((Log!B5:B404="Yielding")*ROW(Log!B5:B404),18))=0,"",INDEX(Log!A:A,SUMPRODUCT(LARGE((Log!B5:B404="Yielding")*ROW(Log!B5:B404),18)))),"")} | E23: {=IFERROR(IF(SUMPRODUCT(LARGE((Log!B5:B404="Yielding")*ROW(Log!B5:B404),18))=0,"",INDEX(Log!E:E,SUMPRODUCT(LARGE((Log!B5:B404="Yielding")*ROW(Log!B5:B404),18)))),"")} | F23: {=IFERROR(IF(SUMPRODUCT(LARGE((Log!B5:B404="Yielding")*ROW(Log!B5:B404),18))=0,"",INDEX(Log!F:F,SUMPRODUCT(LARGE((Log!B5:B404="Yielding")*ROW(Log!B5:B404),18)))),"")} | G23: {=IFERROR(IF(SUMPRODUCT(LARGE((Log!B5:B404="Yielding")*ROW(Log!B5:B404),18))=0,"",INDEX(Log!D:D,SUMPRODUCT(LARGE((Log!B5:B404="Yielding")*ROW(Log!B5:B404),18)))),"")}
D24: {=IFERROR(IF(SUMPRODUCT(LARGE((Log!B5:B404="Yielding")*ROW(Log!B5:B404),19))=0,"",INDEX(Log!A:A,SUMPRODUCT(LARGE((Log!B5:B404="Yielding")*ROW(Log!B5:B404),19)))),"")} | E24: {=IFERROR(IF(SUMPRODUCT(LARGE((Log!B5:B404="Yielding")*ROW(Log!B5:B404),19))=0,"",INDEX(Log!E:E,SUMPRODUCT(LARGE((Log!B5:B404="Yielding")*ROW(Log!B5:B404),19)))),"")} | F24: {=IFERROR(IF(SUMPRODUCT(LARGE((Log!B5:B404="Yielding")*ROW(Log!B5:B404),19))=0,"",INDEX(Log!F:F,SUMPRODUCT(LARGE((Log!B5:B404="Yielding")*ROW(Log!B5:B404),19)))),"")} | G24: {=IFERROR(IF(SUMPRODUCT(LARGE((Log!B5:B404="Yielding")*ROW(Log!B5:B404),19))=0,"",INDEX(Log!D:D,SUMPRODUCT(LARGE((Log!B5:B404="Yielding")*ROW(Log!B5:B404),19)))),"")}
D25: {=IFERROR(IF(SUMPRODUCT(LARGE((Log!B5:B404="Yielding")*ROW(Log!B5:B404),20))=0,"",INDEX(Log!A:A,SUMPRODUCT(LARGE((Log!B5:B404="Yielding")*ROW(Log!B5:B404),20)))),"")} | E25: {=IFERROR(IF(SUMPRODUCT(LARGE((Log!B5:B404="Yielding")*ROW(Log!B5:B404),20))=0,"",INDEX(Log!E:E,SUMPRODUCT(LARGE((Log!B5:B404="Yielding")*ROW(Log!B5:B404),20)))),"")} | F25: {=IFERROR(IF(SUMPRODUCT(LARGE((Log!B5:B404="Yielding")*ROW(Log!B5:B404),20))=0,"",INDEX(Log!F:F,SUMPRODUCT(LARGE((Log!B5:B404="Yielding")*ROW(Log!B5:B404),20)))),"")} | G25: {=IFERROR(IF(SUMPRODUCT(LARGE((Log!B5:B404="Yielding")*ROW(Log!B5:B404),20))=0,"",INDEX(Log!D:D,SUMPRODUCT(LARGE((Log!B5:B404="Yielding")*ROW(Log!B5:B404),20)))),"")}
D26: {=IFERROR(IF(SUMPRODUCT(LARGE((Log!B5:B404="Yielding")*ROW(Log!B5:B404),21))=0,"",INDEX(Log!A:A,SUMPRODUCT(LARGE((Log!B5:B404="Yielding")*ROW(Log!B5:B404),21)))),"")} | E26: {=IFERROR(IF(SUMPRODUCT(LARGE((Log!B5:B404="Yielding")*ROW(Log!B5:B404),21))=0,"",INDEX(Log!E:E,SUMPRODUCT(LARGE((Log!B5:B404="Yielding")*ROW(Log!B5:B404),21)))),"")} | F26: {=IFERROR(IF(SUMPRODUCT(LARGE((Log!B5:B404="Yielding")*ROW(Log!B5:B404),21))=0,"",INDEX(Log!F:F,SUMPRODUCT(LARGE((Log!B5:B404="Yielding")*ROW(Log!B5:B404),21)))),"")} | G26: {=IFERROR(IF(SUMPRODUCT(LARGE((Log!B5:B404="Yielding")*ROW(Log!B5:B404),21))=0,"",INDEX(Log!D:D,SUMPRODUCT(LARGE((Log!B5:B404="Yielding")*ROW(Log!B5:B404),21)))),"")}
D27: {=IFERROR(IF(SUMPRODUCT(LARGE((Log!B5:B404="Yielding")*ROW(Log!B5:B404),22))=0,"",INDEX(Log!A:A,SUMPRODUCT(LARGE((Log!B5:B404="Yielding")*ROW(Log!B5:B404),22)))),"")} | E27: {=IFERROR(IF(SUMPRODUCT(LARGE((Log!B5:B404="Yielding")*ROW(Log!B5:B404),22))=0,"",INDEX(Log!E:E,SUMPRODUCT(LARGE((Log!B5:B404="Yielding")*ROW(Log!B5:B404),22)))),"")} | F27: {=IFERROR(IF(SUMPRODUCT(LARGE((Log!B5:B404="Yielding")*ROW(Log!B5:B404),22))=0,"",INDEX(Log!F:F,SUMPRODUCT(LARGE((Log!B5:B404="Yielding")*ROW(Log!B5:B404),22)))),"")} | G27: {=IFERROR(IF(SUMPRODUCT(LARGE((Log!B5:B404="Yielding")*ROW(Log!B5:B404),22))=0,"",INDEX(Log!D:D,SUMPRODUCT(LARGE((Log!B5:B404="Yielding")*ROW(Log!B5:B404),22)))),"")}
D28: {=IFERROR(IF(SUMPRODUCT(LARGE((Log!B5:B404="Yielding")*ROW(Log!B5:B404),23))=0,"",INDEX(Log!A:A,SUMPRODUCT(LARGE((Log!B5:B404="Yielding")*ROW(Log!B5:B404),23)))),"")} | E28: {=IFERROR(IF(SUMPRODUCT(LARGE((Log!B5:B404="Yielding")*ROW(Log!B5:B404),23))=0,"",INDEX(Log!E:E,SUMPRODUCT(LARGE((Log!B5:B404="Yielding")*ROW(Log!B5:B404),23)))),"")} | F28: {=IFERROR(IF(SUMPRODUCT(LARGE((Log!B5:B404="Yielding")*ROW(Log!B5:B404),23))=0,"",INDEX(Log!F:F,SUMPRODUCT(LARGE((Log!B5:B404="Yielding")*ROW(Log!B5:B404),23)))),"")} | G28: {=IFERROR(IF(SUMPRODUCT(LARGE((Log!B5:B404="Yielding")*ROW(Log!B5:B404),23))=0,"",INDEX(Log!D:D,SUMPRODUCT(LARGE((Log!B5:B404="Yielding")*ROW(Log!B5:B404),23)))),"")}
D29: {=IFERROR(IF(SUMPRODUCT(LARGE((Log!B5:B404="Yielding")*ROW(Log!B5:B404),24))=0,"",INDEX(Log!A:A,SUMPRODUCT(LARGE((Log!B5:B404="Yielding")*ROW(Log!B5:B404),24)))),"")} | E29: {=IFERROR(IF(SUMPRODUCT(LARGE((Log!B5:B404="Yielding")*ROW(Log!B5:B404),24))=0,"",INDEX(Log!E:E,SUMPRODUCT(LARGE((Log!B5:B404="Yielding")*ROW(Log!B5:B404),24)))),"")} | F29: {=IFERROR(IF(SUMPRODUCT(LARGE((Log!B5:B404="Yielding")*ROW(Log!B5:B404),24))=0,"",INDEX(Log!F:F,SUMPRODUCT(LARGE((Log!B5:B404="Yielding")*ROW(Log!B5:B404),24)))),"")} | G29: {=IFERROR(IF(SUMPRODUCT(LARGE((Log!B5:B404="Yielding")*ROW(Log!B5:B404),24))=0,"",INDEX(Log!D:D,SUMPRODUCT(LARGE((Log!B5:B404="Yielding")*ROW(Log!B5:B404),24)))),"")}
D30: {=IFERROR(IF(SUMPRODUCT(LARGE((Log!B5:B404="Yielding")*ROW(Log!B5:B404),25))=0,"",INDEX(Log!A:A,SUMPRODUCT(LARGE((Log!B5:B404="Yielding")*ROW(Log!B5:B404),25)))),"")} | E30: {=IFERROR(IF(SUMPRODUCT(LARGE((Log!B5:B404="Yielding")*ROW(Log!B5:B404),25))=0,"",INDEX(Log!E:E,SUMPRODUCT(LARGE((Log!B5:B404="Yielding")*ROW(Log!B5:B404),25)))),"")} | F30: {=IFERROR(IF(SUMPRODUCT(LARGE((Log!B5:B404="Yielding")*ROW(Log!B5:B404),25))=0,"",INDEX(Log!F:F,SUMPRODUCT(LARGE((Log!B5:B404="Yielding")*ROW(Log!B5:B404),25)))),"")} | G30: {=IFERROR(IF(SUMPRODUCT(LARGE((Log!B5:B404="Yielding")*ROW(Log!B5:B404),25))=0,"",INDEX(Log!D:D,SUMPRODUCT(LARGE((Log!B5:B404="Yielding")*ROW(Log!B5:B404),25)))),"")}

Sheet Reference
A1: Reference
A2: Profile, schedule, autoregulation rules, block definitions, and exit criteria. Update profile stats as they change.
A4: Profile
A5: Bodyweight (kg) | B5: 67.5
A6: Height (cm) | B6: 172
A7: Outdoor bouldering | B7: 7B (V8)
A8: Moonboard | B8: 7A
A9: Kilter Board | B9: 7B
A10: Weighted pull-up 1RM | B10: +40 kg
A11: Current yielding benchmark | B11: +25 kg on 20mm half crimp, 5s (UPDATE after each benchmark test)
A12: Total load @ benchmark | B12: ~92.5 kg (~137% BW)
A13: Started hangboarding | B13: ~Dec 2025 (~5 months)
A14: Nutrition status | B14: Maintenance (cut complete)
A15: Long-term target
A17: Weekly Schedule
A18: Mon | B18: Rest (or easy climbing / no fingers)
A19: Tue | B19: OI primer + LIMIT BOARD (light neural prep, then board limit — not a heavy hang)
A20: Wed | B20: Rest or easy climbing — no max fingers
A21: Thu | B21: YIELDING — Volume day (4–5 sets @7–8, fixed sets, no extensions)
A22: Fri | B22: Rest or easy climbing — no max fingers
A23: Sat | B23: YIELDING — Heavy day (Sat). Trans I–II: 5s hangs, top set at block RPE, back-offs at @7–8. Peak (W11–14): 3s max singles @9.5, 3–5 efforts, 4–5 min rest, no back-offs.
A24: Sun | B24: Rest
A26: RPE Scale (for yielding top sets)
A27: RPE 10 | B27: Failure — fingers opened, could not hold full duration
A28: RPE 9.5
A29: RPE 9 | B29: Could have held ~1 more second
A30: RPE 8 | B30: Could have held ~2 more seconds (target for heavy day top set)
A31: RPE 7 | B31: Smooth, 3+ seconds left, no grip break sensation (target for volume day)
A32: RPE 6 | B32: Comfortable, clearly submaximal
A33: RPE 5 or lower | B33: Warmup territory
A35: Autoregulation Rules
A36: Pre-session readiness check | B36: During the 70%-benchmark warmup hang (5s), assess RPE. Normal feels @5–6. If @7+, drop today's loads 5–10% and skip fatigue extensions. If @8+ or any joint tenderness, skip session entirely.
A37: Tuesday top-set autoregulation | B37: Don't load based on last Tuesday's number. Load based on how 92% of last Tuesday's top set feels as a warmup-tier set today: @7 → today has +2.5–5 kg in it; @8 → match or +2.5 kg; @8.5+ → hold or back off.
A38: Fatigue stop (Tuesday back-offs) | B38: Start back-offs ~4–5 kg below top set (@7–8 genuinely). Continue back-off sets until ANY of: (1) cannot hit a full 5s at back-off load, (2) load must drop >5% to maintain @8, (3) grip break sensation appears before second 5 of the hold, (4) joint discomfort. Typical: 3–5 back-offs on good days, 1–2 when fatigued.
A39: Thursday volume rule | B39: Fixed 4–5 sets. NO extensions even if you feel good. If RPE on what should be @7–8 creeps to @8.5+ by set 3, drop load 5%. If still creeping, end at the set you're on. Thursday's job is buffer, not stimulus.
A40: Inter-week trend | B40: Log top set load, back-off count, and top set RPE every session. Two consecutive weeks of declining performance at same RPE = accumulated fatigue. Deload week 3 or 4 regardless of feel.
A41: Benchmark recalibration | B41: Every ~4 weeks, do a benchmark test: 1 set, 5s, find max load that hits @9–9.5. Recalibrate all working percentages from this number.
A43: Block Definitions (16-week cycle, Transmutation entry)
A44: Transmutation I (W1–4) | B44: Entry block. Tue @8.5–9 autoregulated top set + back-offs at 92–95% with fatigue stop. Thu 82–85% of Tue, 4–5 sets @7–8 (FIXED). Week 1 is a discovery check — see how the 48h between yielding sessions actually feels.
A45: Deload + Benchmark Test (W5) | B45: Tue: 3 sets at 75% benchmark @6–7. Sat: TEST 1 set max 5s @9–9.5. Update Reference benchmark with the result — Trans II percentages anchor here.
A46: Transmutation II (W6–9) | B46: Peak intensity with new benchmark. Tue @9–9.5 chasing the new ceiling. Thu loads up to 85–88% of Tue, 4–5 sets @8 (FIXED). Most gains usually accumulate here.
A47: Deload + Benchmark Test (W10) | B47: Same as W5 deload. New benchmark documented becomes the anchor for Peak Intensity block.
A48: Peak Intensity (W11–14) | B48: Highest-intensity block. Tue @9.5 explicit push, strict fatigue stops. Thu 88–90% of Tue, 4–5 sets @8 (FIXED). If recovery degrades, drop OI to 1×/week. Watch the canaries.
A49: Deload + Final Benchmark (W15) | B49: Recovery week + cycle report card. The benchmark on Sat defines the next 16-week cycle's starting point.
A50: Realization (W16) | B50: Low volume, high specificity. 2–3 near-max singles on Tue. Light or skipped Thu. Apply on the wall. Climb hard.
A52: Exit Criteria — When to Back Off
A53: Two declining weeks | B53: Benchmark or working loads decline at the same RPE for 2 consecutive weeks → repeat current block at higher conservatism, do NOT advance.
A54: Joint inflammation | B54: Any morning stiffness, end-range flexion pain, or tenderness on warmup → stop loaded finger training. Synovitis rule. Return at 70–80% load after fully asymptomatic.
A55: Recovery degradation | B55: Thu → Sat recovery feels worse week-over-week, or rest between sets needs >5 min when you previously needed 4 → drop Thu to 1x/week for 2 weeks.
A56: Yellow-flag frequency | B56: More than one yellow-flag readiness check per 2-week block → reduce volume, extend current block, push back deload.
A57: Sleep degradation | B57: Sleep quality dropping for 5+ consecutive days during a hard block → cut Thursday this week, reassess.
A59: Non-Negotiables
A60: ☐ | B60: Never do heavy/volume hangboard on top of hard climbing (the Tue OI primer before board is the intentional exception — keep it light)
A61: ☐ | B61: Leave 1–2s in the tank on max efforts (cap @9 except benchmark tests)
A62: ☐ | B62: Warm up 15–20 min before any loaded finger work, including 70% benchmark readiness check
A63: ☐ | B63: Half or open crimp for training, not full crimp
A64: ☐ | B64: 1–2.5 kg increments — let RPE earn each step up
A65: ☐ | B65: Stop immediately on sharp or twangy finger pain
A66: ☐ | B66: Stop loaded training entirely during any joint inflammation
A67: ☐ | B67: Collagen + vitamin C 30–60 min pre-session
A68: ☐ | B68: 7–9 h sleep, consistent
A69: ☐ | B69: Back-to-back climbing days: hangboard on day 1, before climbing, after warmup
A70: ☐ | B70: Proactive deload weeks every 4 weeks — never reactive
A72: Feel Scales (Log columns)
A73: Session Feel | B73: 1 effortless / 2 easy / 3 hard but clean (target) / 4 near failure / 5 failed
A74: Top Set RPE | B74: See RPE scale above. Target depends on day: Tue heavy = 8.5–9; Tue benchmark = 9–9.5; Thu volume = 7–8.
A75: Next-Day Feel | B75: 1 fresh / 2 mild stiffness / 3 noticeable soreness / 4 painful or stiff — deload / 5 sharp pain — STOP loaded training
A77: E1RM Calculation (RPE → %1RM)
A78: Formula | B78: E1RM = Top Set Load × 100 ÷ (40 + 6 × RPE). Maps a submaximal hang to estimated max for that session. Lets you compare strength across sessions with different daily readiness.
A79: RPE 10 → 100% | B79: True max — load held = E1RM
A80: RPE 9 → 94% | B80: +25 kg @9 → E1RM ≈ 26.6 kg
A81: RPE 8.5 → 91% | B81: +24 kg @8.5 → E1RM ≈ 26.4 kg
A82: RPE 8 → 88% | B82: +22 kg @8 → E1RM = 25.0 kg
A83: RPE 7 → 82% | B83: +20 kg @7 → E1RM ≈ 24.4 kg
A84: RPE 6 → 76% | B84: Submaximal warmup territory

Sheet _Data
A1: # | B1: Date | C1: Day Role | D1: Top Load | E1: RPE | F1: E1RM | G1: Heavy E1RM | H1: Volume E1RM | I1: Working % of max E1RM | L1: # | M1: Date | N1: Next-Day Feel | O1: Rolling 5-avg | S1: Heavy % | T1: Volume %
A2: 1 | B2: {=IFERROR(IF(SUMPRODUCT(LARGE((Log!B5:B404="Yielding")*ROW(Log!B5:B404),1))=0,"",INDEX(Log!A:A,SUMPRODUCT(LARGE((Log!B5:B404="Yielding")*ROW(Log!B5:B404),1)))),"")} -> 46173 | C2: {=IFERROR(IF(SUMPRODUCT(LARGE((Log!B5:B404="Yielding")*ROW(Log!B5:B404),1))=0,"",INDEX(Log!D:D,SUMPRODUCT(LARGE((Log!B5:B404="Yielding")*ROW(Log!B5:B404),1)))),"")} -> Volume | D2: {=IFERROR(IF(SUMPRODUCT(LARGE((Log!B5:B404="Yielding")*ROW(Log!B5:B404),1))=0,"",INDEX(Log!E:E,SUMPRODUCT(LARGE((Log!B5:B404="Yielding")*ROW(Log!B5:B404),1)))),"")} -> 20 | E2: {=IFERROR(IF(SUMPRODUCT(LARGE((Log!B5:B404="Yielding")*ROW(Log!B5:B404),1))=0,"",INDEX(Log!F:F,SUMPRODUCT(LARGE((Log!B5:B404="Yielding")*ROW(Log!B5:B404),1)))),"")} -> 7 | F2: {=IFERROR(IF(SUMPRODUCT(LARGE((Log!B5:B404="Yielding")*ROW(Log!B5:B404),1))=0,"",INDEX(Log!M:M,SUMPRODUCT(LARGE((Log!B5:B404="Yielding")*ROW(Log!B5:B404),1)))),"")} -> 24.4 | G2: =IF(AND(ISNUMBER(F2),OR(C2="Heavy",C2="Test")),F2,"") | H2: =IF(AND(ISNUMBER(F2),C2="Volume"),F2,"") -> 24.4 | I2: =IFERROR(IF(F2="","",D2/MAX($F$2:$F$51)*100),"") -> 75.18797 | L2: 1 | M2: {=IFERROR(IF(SUMPRODUCT(LARGE((Log!J5:J404<>"")*ROW(Log!J5:J404),1))=0,"",INDEX(Log!A:A,SUMPRODUCT(LARGE((Log!J5:J404<>"")*ROW(Log!J5:J404),1)))),"")} -> 46173 | N2: {=IFERROR(IF(SUMPRODUCT(LARGE((Log!J5:J404<>"")*ROW(Log!J5:J404),1))=0,"",INDEX(Log!J:J,SUMPRODUCT(LARGE((Log!J5:J404<>"")*ROW(Log!J5:J404),1)))),"")} -> 3 | O2: =IFERROR(IF(COUNT(N2:N6)<3,"",AVERAGE(N2:N6)),"") -> 3.2 | S2: =IF(AND(ISNUMBER(I2),OR(C2="Heavy",C2="Test")),I2,"") | T2: =IF(AND(ISNUMBER(I2),C2="Volume"),I2,"") -> 75.18797
A3: 2 | B3: {=IFERROR(IF(SUMPRODUCT(LARGE((Log!B5:B404="Yielding")*ROW(Log!B5:B404),2))=0,"",INDEX(Log!A:A,SUMPRODUCT(LARGE((Log!B5:B404="Yielding")*ROW(Log!B5:B404),2)))),"")} -> 46168 | C3: {=IFERROR(IF(SUMPRODUCT(LARGE((Log!B5:B404="Yielding")*ROW(Log!B5:B404),2))=0,"",INDEX(Log!D:D,SUMPRODUCT(LARGE((Log!B5:B404="Yielding")*ROW(Log!B5:B404),2)))),"")} -> Heavy | D3: {=IFERROR(IF(SUMPRODUCT(LARGE((Log!B5:B404="Yielding")*ROW(Log!B5:B404),2))=0,"",INDEX(Log!E:E,SUMPRODUCT(LARGE((Log!B5:B404="Yielding")*ROW(Log!B5:B404),2)))),"")} -> 25 | E3: {=IFERROR(IF(SUMPRODUCT(LARGE((Log!B5:B404="Yielding")*ROW(Log!B5:B404),2))=0,"",INDEX(Log!F:F,SUMPRODUCT(LARGE((Log!B5:B404="Yielding")*ROW(Log!B5:B404),2)))),"")} -> 9 | F3: {=IFERROR(IF(SUMPRODUCT(LARGE((Log!B5:B404="Yielding")*ROW(Log!B5:B404),2))=0,"",INDEX(Log!M:M,SUMPRODUCT(LARGE((Log!B5:B404="Yielding")*ROW(Log!B5:B404),2)))),"")} -> 26.6 | G3: =IF(AND(ISNUMBER(F3),OR(C3="Heavy",C3="Test")),F3,"") -> 26.6 | H3: =IF(AND(ISNUMBER(F3),C3="Volume"),F3,"") | I3: =IFERROR(IF(F3="","",D3/MAX($F$2:$F$51)*100),"") -> 93.984962 | L3: 2 | M3: {=IFERROR(IF(SUMPRODUCT(LARGE((Log!J5:J404<>"")*ROW(Log!J5:J404),2))=0,"",INDEX(Log!A:A,SUMPRODUCT(LARGE((Log!J5:J404<>"")*ROW(Log!J5:J404),2)))),"")} -> 46170 | N3: {=IFERROR(IF(SUMPRODUCT(LARGE((Log!J5:J404<>"")*ROW(Log!J5:J404),2))=0,"",INDEX(Log!J:J,SUMPRODUCT(LARGE((Log!J5:J404<>"")*ROW(Log!J5:J404),2)))),"")} -> 3 | O3: =IFERROR(IF(COUNT(N3:N7)<3,"",AVERAGE(N3:N7)),"") -> 3.2 | S3: =IF(AND(ISNUMBER(I3),OR(C3="Heavy",C3="Test")),I3,"") -> 93.984962 | T3: =IF(AND(ISNUMBER(I3),C3="Volume"),I3,"")
A4: 3 | B4: {=IFERROR(IF(SUMPRODUCT(LARGE((Log!B5:B404="Yielding")*ROW(Log!B5:B404),3))=0,"",INDEX(Log!A:A,SUMPRODUCT(LARGE((Log!B5:B404="Yielding")*ROW(Log!B5:B404),3)))),"")} -> 46161 | C4: {=IFERROR(IF(SUMPRODUCT(LARGE((Log!B5:B404="Yielding")*ROW(Log!B5:B404),3))=0,"",INDEX(Log!D:D,SUMPRODUCT(LARGE((Log!B5:B404="Yielding")*ROW(Log!B5:B404),3)))),"")} -> Heavy | D4: {=IFERROR(IF(SUMPRODUCT(LARGE((Log!B5:B404="Yielding")*ROW(Log!B5:B404),3))=0,"",INDEX(Log!E:E,SUMPRODUCT(LARGE((Log!B5:B404="Yielding")*ROW(Log!B5:B404),3)))),"")} -> 25 | E4: {=IFERROR(IF(SUMPRODUCT(LARGE((Log!B5:B404="Yielding")*ROW(Log!B5:B404),3))=0,"",INDEX(Log!F:F,SUMPRODUCT(LARGE((Log!B5:B404="Yielding")*ROW(Log!B5:B404),3)))),"")} -> 10 | F4: {=IFERROR(IF(SUMPRODUCT(LARGE((Log!B5:B404="Yielding")*ROW(Log!B5:B404),3))=0,"",INDEX(Log!M:M,SUMPRODUCT(LARGE((Log!B5:B404="Yielding")*ROW(Log!B5:B404),3)))),"")} -> 25 | G4: =IF(AND(ISNUMBER(F4),OR(C4="Heavy",C4="Test")),F4,"") -> 25 | H4: =IF(AND(ISNUMBER(F4),C4="Volume"),F4,"") | I4: =IFERROR(IF(F4="","",D4/MAX($F$2:$F$51)*100),"") -> 93.984962 | L4: 3 | M4: {=IFERROR(IF(SUMPRODUCT(LARGE((Log!J5:J404<>"")*ROW(Log!J5:J404),3))=0,"",INDEX(Log!A:A,SUMPRODUCT(LARGE((Log!J5:J404<>"")*ROW(Log!J5:J404),3)))),"")} -> 46168 | N4: {=IFERROR(IF(SUMPRODUCT(LARGE((Log!J5:J404<>"")*ROW(Log!J5:J404),3))=0,"",INDEX(Log!J:J,SUMPRODUCT(LARGE((Log!J5:J404<>"")*ROW(Log!J5:J404),3)))),"")} -> 4 | O4: =IFERROR(IF(COUNT(N4:N8)<3,"",AVERAGE(N4:N8)),"") -> 3.4 | S4: =IF(AND(ISNUMBER(I4),OR(C4="Heavy",C4="Test")),I4,"") -> 93.984962 | T4: =IF(AND(ISNUMBER(I4),C4="Volume"),I4,"")
A5: 4 | B5: {=IFERROR(IF(SUMPRODUCT(LARGE((Log!B5:B404="Yielding")*ROW(Log!B5:B404),4))=0,"",INDEX(Log!A:A,SUMPRODUCT(LARGE((Log!B5:B404="Yielding")*ROW(Log!B5:B404),4)))),"")} -> 46156 | C5: {=IFERROR(IF(SUMPRODUCT(LARGE((Log!B5:B404="Yielding")*ROW(Log!B5:B404),4))=0,"",INDEX(Log!D:D,SUMPRODUCT(LARGE((Log!B5:B404="Yielding")*ROW(Log!B5:B404),4)))),"")} -> Volume | D5: {=IFERROR(IF(SUMPRODUCT(LARGE((Log!B5:B404="Yielding")*ROW(Log!B5:B404),4))=0,"",INDEX(Log!E:E,SUMPRODUCT(LARGE((Log!B5:B404="Yielding")*ROW(Log!B5:B404),4)))),"")} -> 20 | E5: {=IFERROR(IF(SUMPRODUCT(LARGE((Log!B5:B404="Yielding")*ROW(Log!B5:B404),4))=0,"",INDEX(Log!F:F,SUMPRODUCT(LARGE((Log!B5:B404="Yielding")*ROW(Log!B5:B404),4)))),"")} -> 10 | F5: {=IFERROR(IF(SUMPRODUCT(LARGE((Log!B5:B404="Yielding")*ROW(Log!B5:B404),4))=0,"",INDEX(Log!M:M,SUMPRODUCT(LARGE((Log!B5:B404="Yielding")*ROW(Log!B5:B404),4)))),"")} -> 20 | G5: =IF(AND(ISNUMBER(F5),OR(C5="Heavy",C5="Test")),F5,"") | H5: =IF(AND(ISNUMBER(F5),C5="Volume"),F5,"") -> 20 | I5: =IFERROR(IF(F5="","",D5/MAX($F$2:$F$51)*100),"") -> 75.18797 | L5: 4 | M5: {=IFERROR(IF(SUMPRODUCT(LARGE((Log!J5:J404<>"")*ROW(Log!J5:J404),4))=0,"",INDEX(Log!A:A,SUMPRODUCT(LARGE((Log!J5:J404<>"")*ROW(Log!J5:J404),4)))),"")} -> 46166 | N5: {=IFERROR(IF(SUMPRODUCT(LARGE((Log!J5:J404<>"")*ROW(Log!J5:J404),4))=0,"",INDEX(Log!J:J,SUMPRODUCT(LARGE((Log!J5:J404<>"")*ROW(Log!J5:J404),4)))),"")} -> 3 | O5: =IFERROR(IF(COUNT(N5:N9)<3,"",AVERAGE(N5:N9)),"") -> 3 | S5: =IF(AND(ISNUMBER(I5),OR(C5="Heavy",C5="Test")),I5,"") | T5: =IF(AND(ISNUMBER(I5),C5="Volume"),I5,"") -> 75.18797
A6: 5 | B6: {=IFERROR(IF(SUMPRODUCT(LARGE((Log!B5:B404="Yielding")*ROW(Log!B5:B404),5))=0,"",INDEX(Log!A:A,SUMPRODUCT(LARGE((Log!B5:B404="Yielding")*ROW(Log!B5:B404),5)))),"")} -> 46154 | C6: {=IFERROR(IF(SUMPRODUCT(LARGE((Log!B5:B404="Yielding")*ROW(Log!B5:B404),5))=0,"",INDEX(Log!D:D,SUMPRODUCT(LARGE((Log!B5:B404="Yielding")*ROW(Log!B5:B404),5)))),"")} -> Heavy | D6: {=IFERROR(IF(SUMPRODUCT(LARGE((Log!B5:B404="Yielding")*ROW(Log!B5:B404),5))=0,"",INDEX(Log!E:E,SUMPRODUCT(LARGE((Log!B5:B404="Yielding")*ROW(Log!B5:B404),5)))),"")} -> 25 | E6: {=IFERROR(IF(SUMPRODUCT(LARGE((Log!B5:B404="Yielding")*ROW(Log!B5:B404),5))=0,"",INDEX(Log!F:F,SUMPRODUCT(LARGE((Log!B5:B404="Yielding")*ROW(Log!B5:B404),5)))),"")} -> 10 | F6: {=IFERROR(IF(SUMPRODUCT(LARGE((Log!B5:B404="Yielding")*ROW(Log!B5:B404),5))=0,"",INDEX(Log!M:M,SUMPRODUCT(LARGE((Log!B5:B404="Yielding")*ROW(Log!B5:B404),5)))),"")} -> 25 | G6: =IF(AND(ISNUMBER(F6),OR(C6="Heavy",C6="Test")),F6,"") -> 25 | H6: =IF(AND(ISNUMBER(F6),C6="Volume"),F6,"") | I6: =IFERROR(IF(F6="","",D6/MAX($F$2:$F$51)*100),"") -> 93.984962 | L6: 5 | M6: {=IFERROR(IF(SUMPRODUCT(LARGE((Log!J5:J404<>"")*ROW(Log!J5:J404),5))=0,"",INDEX(Log!A:A,SUMPRODUCT(LARGE((Log!J5:J404<>"")*ROW(Log!J5:J404),5)))),"")} -> 46161 | N6: {=IFERROR(IF(SUMPRODUCT(LARGE((Log!J5:J404<>"")*ROW(Log!J5:J404),5))=0,"",INDEX(Log!J:J,SUMPRODUCT(LARGE((Log!J5:J404<>"")*ROW(Log!J5:J404),5)))),"")} -> 3 | O6: =IFERROR(IF(COUNT(N6:N10)<3,"",AVERAGE(N6:N10)),"") -> 3 | S6: =IF(AND(ISNUMBER(I6),OR(C6="Heavy",C6="Test")),I6,"") -> 93.984962 | T6: =IF(AND(ISNUMBER(I6),C6="Volume"),I6,"")
A7: 6 | B7: {=IFERROR(IF(SUMPRODUCT(LARGE((Log!B5:B404="Yielding")*ROW(Log!B5:B404),6))=0,"",INDEX(Log!A:A,SUMPRODUCT(LARGE((Log!B5:B404="Yielding")*ROW(Log!B5:B404),6)))),"")} -> 46146 | C7: =IFERROR(IF(SUMPRODUCT(LARGE((Log!B5:B404="Yielding")*ROW(Log!B5:B404),6))=0,"",INDEX(Log!D:D,SUMPRODUCT(LARGE((Log!B5:B404="Yielding")*ROW(Log!B5:B404),6)))),"") -> 0 | D7: {=IFERROR(IF(SUMPRODUCT(LARGE((Log!B5:B404="Yielding")*ROW(Log!B5:B404),6))=0,"",INDEX(Log!E:E,SUMPRODUCT(LARGE((Log!B5:B404="Yielding")*ROW(Log!B5:B404),6)))),"")} -> 20 | E7: =IFERROR(IF(SUMPRODUCT(LARGE((Log!B5:B404="Yielding")*ROW(Log!B5:B404),6))=0,"",INDEX(Log!F:F,SUMPRODUCT(LARGE((Log!B5:B404="Yielding")*ROW(Log!B5:B404),6)))),"") -> 0 | F7: {=IFERROR(IF(SUMPRODUCT(LARGE((Log!B5:B404="Yielding")*ROW(Log!B5:B404),6))=0,"",INDEX(Log!M:M,SUMPRODUCT(LARGE((Log!B5:B404="Yielding")*ROW(Log!B5:B404),6)))),"")} | G7: =IF(AND(ISNUMBER(F7),OR(C7="Heavy",C7="Test")),F7,"") | H7: =IF(AND(ISNUMBER(F7),C7="Volume"),F7,"") | I7: =IFERROR(IF(F7="","",D7/MAX($F$2:$F$51)*100),"") | L7: 6 | M7: {=IFERROR(IF(SUMPRODUCT(LARGE((Log!J5:J404<>"")*ROW(Log!J5:J404),6))=0,"",INDEX(Log!A:A,SUMPRODUCT(LARGE((Log!J5:J404<>"")*ROW(Log!J5:J404),6)))),"")} -> 46158 | N7: {=IFERROR(IF(SUMPRODUCT(LARGE((Log!J5:J404<>"")*ROW(Log!J5:J404),6))=0,"",INDEX(Log!J:J,SUMPRODUCT(LARGE((Log!J5:J404<>"")*ROW(Log!J5:J404),6)))),"")} -> 3 | O7: =IFERROR(IF(COUNT(N7:N11)<3,"",AVERAGE(N7:N11)),"") -> 3 | S7: =IF(AND(ISNUMBER(I7),OR(C7="Heavy",C7="Test")),I7,"") | T7: =IF(AND(ISNUMBER(I7),C7="Volume"),I7,"")
A8: 7 | B8: {=IFERROR(IF(SUMPRODUCT(LARGE((Log!B5:B404="Yielding")*ROW(Log!B5:B404),7))=0,"",INDEX(Log!A:A,SUMPRODUCT(LARGE((Log!B5:B404="Yielding")*ROW(Log!B5:B404),7)))),"")} -> 46143 | C8: =IFERROR(IF(SUMPRODUCT(LARGE((Log!B5:B404="Yielding")*ROW(Log!B5:B404),7))=0,"",INDEX(Log!D:D,SUMPRODUCT(LARGE((Log!B5:B404="Yielding")*ROW(Log!B5:B404),7)))),"") -> 0 | D8: {=IFERROR(IF(SUMPRODUCT(LARGE((Log!B5:B404="Yielding")*ROW(Log!B5:B404),7))=0,"",INDEX(Log!E:E,SUMPRODUCT(LARGE((Log!B5:B404="Yielding")*ROW(Log!B5:B404),7)))),"")} -> 15 | E8: =IFERROR(IF(SUMPRODUCT(LARGE((Log!B5:B404="Yielding")*ROW(Log!B5:B404),7))=0,"",INDEX(Log!F:F,SUMPRODUCT(LARGE((Log!B5:B404="Yielding")*ROW(Log!B5:B404),7)))),"") -> 0 | F8: {=IFERROR(IF(SUMPRODUCT(LARGE((Log!B5:B404="Yielding")*ROW(Log!B5:B404),7))=0,"",INDEX(Log!M:M,SUMPRODUCT(LARGE((Log!B5:B404="Yielding")*ROW(Log!B5:B404),7)))),"")} | G8: =IF(AND(ISNUMBER(F8),OR(C8="Heavy",C8="Test")),F8,"") | H8: =IF(AND(ISNUMBER(F8),C8="Volume"),F8,"") | I8: =IFERROR(IF(F8="","",D8/MAX($F$2:$F$51)*100),"") | L8: 7 | M8: {=IFERROR(IF(SUMPRODUCT(LARGE((Log!J5:J404<>"")*ROW(Log!J5:J404),7))=0,"",INDEX(Log!A:A,SUMPRODUCT(LARGE((Log!J5:J404<>"")*ROW(Log!J5:J404),7)))),"")} -> 46156 | N8: {=IFERROR(IF(SUMPRODUCT(LARGE((Log!J5:J404<>"")*ROW(Log!J5:J404),7))=0,"",INDEX(Log!J:J,SUMPRODUCT(LARGE((Log!J5:J404<>"")*ROW(Log!J5:J404),7)))),"")} -> 4 | O8: =IFERROR(IF(COUNT(N8:N12)<3,"",AVERAGE(N8:N12)),"") -> 2.8 | S8: =IF(AND(ISNUMBER(I8),OR(C8="Heavy",C8="Test")),I8,"") | T8: =IF(AND(ISNUMBER(I8),C8="Volume"),I8,"")
A9: 8 | B9: {=IFERROR(IF(SUMPRODUCT(LARGE((Log!B5:B404="Yielding")*ROW(Log!B5:B404),8))=0,"",INDEX(Log!A:A,SUMPRODUCT(LARGE((Log!B5:B404="Yielding")*ROW(Log!B5:B404),8)))),"")} -> 46134 | C9: =IFERROR(IF(SUMPRODUCT(LARGE((Log!B5:B404="Yielding")*ROW(Log!B5:B404),8))=0,"",INDEX(Log!D:D,SUMPRODUCT(LARGE((Log!B5:B404="Yielding")*ROW(Log!B5:B404),8)))),"") -> 0 | D9: {=IFERROR(IF(SUMPRODUCT(LARGE((Log!B5:B404="Yielding")*ROW(Log!B5:B404),8))=0,"",INDEX(Log!E:E,SUMPRODUCT(LARGE((Log!B5:B404="Yielding")*ROW(Log!B5:B404),8)))),"")} -> 25 | E9: =IFERROR(IF(SUMPRODUCT(LARGE((Log!B5:B404="Yielding")*ROW(Log!B5:B404),8))=0,"",INDEX(Log!F:F,SUMPRODUCT(LARGE((Log!B5:B404="Yielding")*ROW(Log!B5:B404),8)))),"") -> 0 | F9: {=IFERROR(IF(SUMPRODUCT(LARGE((Log!B5:B404="Yielding")*ROW(Log!B5:B404),8))=0,"",INDEX(Log!M:M,SUMPRODUCT(LARGE((Log!B5:B404="Yielding")*ROW(Log!B5:B404),8)))),"")} | G9: =IF(AND(ISNUMBER(F9),OR(C9="Heavy",C9="Test")),F9,"") | H9: =IF(AND(ISNUMBER(F9),C9="Volume"),F9,"") | I9: =IFERROR(IF(F9="","",D9/MAX($F$2:$F$51)*100),"") | L9: 8 | M9: {=IFERROR(IF(SUMPRODUCT(LARGE((Log!J5:J404<>"")*ROW(Log!J5:J404),8))=0,"",INDEX(Log!A:A,SUMPRODUCT(LARGE((Log!J5:J404<>"")*ROW(Log!J5:J404),8)))),"")} -> 46154 | N9: {=IFERROR(IF(SUMPRODUCT(LARGE((Log!J5:J404<>"")*ROW(Log!J5:J404),8))=0,"",INDEX(Log!J:J,SUMPRODUCT(LARGE((Log!J5:J404<>"")*ROW(Log!J5:J404),8)))),"")} -> 2 | O9: =IFERROR(IF(COUNT(N9:N13)<3,"",AVERAGE(N9:N13)),"") -> 2.4 | S9: =IF(AND(ISNUMBER(I9),OR(C9="Heavy",C9="Test")),I9,"") | T9: =IF(AND(ISNUMBER(I9),C9="Volume"),I9,"")
A10: 9 | B10: {=IFERROR(IF(SUMPRODUCT(LARGE((Log!B5:B404="Yielding")*ROW(Log!B5:B404),9))=0,"",INDEX(Log!A:A,SUMPRODUCT(LARGE((Log!B5:B404="Yielding")*ROW(Log!B5:B404),9)))),"")} -> 46126 | C10: =IFERROR(IF(SUMPRODUCT(LARGE((Log!B5:B404="Yielding")*ROW(Log!B5:B404),9))=0,"",INDEX(Log!D:D,SUMPRODUCT(LARGE((Log!B5:B404="Yielding")*ROW(Log!B5:B404),9)))),"") -> 0 | D10: {=IFERROR(IF(SUMPRODUCT(LARGE((Log!B5:B404="Yielding")*ROW(Log!B5:B404),9))=0,"",INDEX(Log!E:E,SUMPRODUCT(LARGE((Log!B5:B404="Yielding")*ROW(Log!B5:B404),9)))),"")} -> 20 | E10: =IFERROR(IF(SUMPRODUCT(LARGE((Log!B5:B404="Yielding")*ROW(Log!B5:B404),9))=0,"",INDEX(Log!F:F,SUMPRODUCT(LARGE((Log!B5:B404="Yielding")*ROW(Log!B5:B404),9)))),"") -> 0 | F10: {=IFERROR(IF(SUMPRODUCT(LARGE((Log!B5:B404="Yielding")*ROW(Log!B5:B404),9))=0,"",INDEX(Log!M:M,SUMPRODUCT(LARGE((Log!B5:B404="Yielding")*ROW(Log!B5:B404),9)))),"")} | G10: =IF(AND(ISNUMBER(F10),OR(C10="Heavy",C10="Test")),F10,"") | H10: =IF(AND(ISNUMBER(F10),C10="Volume"),F10,"") | I10: =IFERROR(IF(F10="","",D10/MAX($F$2:$F$51)*100),"") | L10: 9 | M10: {=IFERROR(IF(SUMPRODUCT(LARGE((Log!J5:J404<>"")*ROW(Log!J5:J404),9))=0,"",INDEX(Log!A:A,SUMPRODUCT(LARGE((Log!J5:J404<>"")*ROW(Log!J5:J404),9)))),"")} -> 46152 | N10: {=IFERROR(IF(SUMPRODUCT(LARGE((Log!J5:J404<>"")*ROW(Log!J5:J404),9))=0,"",INDEX(Log!J:J,SUMPRODUCT(LARGE((Log!J5:J404<>"")*ROW(Log!J5:J404),9)))),"")} -> 3 | O10: =IFERROR(IF(COUNT(N10:N14)<3,"",AVERAGE(N10:N14)),"") -> 2.4 | S10: =IF(AND(ISNUMBER(I10),OR(C10="Heavy",C10="Test")),I10,"") | T10: =IF(AND(ISNUMBER(I10),C10="Volume"),I10,"")
A11: 10 | B11: {=IFERROR(IF(SUMPRODUCT(LARGE((Log!B5:B404="Yielding")*ROW(Log!B5:B404),10))=0,"",INDEX(Log!A:A,SUMPRODUCT(LARGE((Log!B5:B404="Yielding")*ROW(Log!B5:B404),10)))),"")} | C11: {=IFERROR(IF(SUMPRODUCT(LARGE((Log!B5:B404="Yielding")*ROW(Log!B5:B404),10))=0,"",INDEX(Log!D:D,SUMPRODUCT(LARGE((Log!B5:B404="Yielding")*ROW(Log!B5:B404),10)))),"")} | D11: {=IFERROR(IF(SUMPRODUCT(LARGE((Log!B5:B404="Yielding")*ROW(Log!B5:B404),10))=0,"",INDEX(Log!E:E,SUMPRODUCT(LARGE((Log!B5:B404="Yielding")*ROW(Log!B5:B404),10)))),"")} | E11: {=IFERROR(IF(SUMPRODUCT(LARGE((Log!B5:B404="Yielding")*ROW(Log!B5:B404),10))=0,"",INDEX(Log!F:F,SUMPRODUCT(LARGE((Log!B5:B404="Yielding")*ROW(Log!B5:B404),10)))),"")} | F11: {=IFERROR(IF(SUMPRODUCT(LARGE((Log!B5:B404="Yielding")*ROW(Log!B5:B404),10))=0,"",INDEX(Log!M:M,SUMPRODUCT(LARGE((Log!B5:B404="Yielding")*ROW(Log!B5:B404),10)))),"")} | G11: =IF(AND(ISNUMBER(F11),OR(C11="Heavy",C11="Test")),F11,"") | H11: =IF(AND(ISNUMBER(F11),C11="Volume"),F11,"") | I11: =IFERROR(IF(F11="","",D11/MAX($F$2:$F$51)*100),"") | L11: 10 | M11: {=IFERROR(IF(SUMPRODUCT(LARGE((Log!J5:J404<>"")*ROW(Log!J5:J404),10))=0,"",INDEX(Log!A:A,SUMPRODUCT(LARGE((Log!J5:J404<>"")*ROW(Log!J5:J404),10)))),"")} -> 46151 | N11: {=IFERROR(IF(SUMPRODUCT(LARGE((Log!J5:J404<>"")*ROW(Log!J5:J404),10))=0,"",INDEX(Log!J:J,SUMPRODUCT(LARGE((Log!J5:J404<>"")*ROW(Log!J5:J404),10)))),"")} -> 3 | O11: =IFERROR(IF(COUNT(N11:N15)<3,"",AVERAGE(N11:N15)),"") -> 2.4 | S11: =IF(AND(ISNUMBER(I11),OR(C11="Heavy",C11="Test")),I11,"") | T11: =IF(AND(ISNUMBER(I11),C11="Volume"),I11,"")
A12: 11 | B12: {=IFERROR(IF(SUMPRODUCT(LARGE((Log!B5:B404="Yielding")*ROW(Log!B5:B404),11))=0,"",INDEX(Log!A:A,SUMPRODUCT(LARGE((Log!B5:B404="Yielding")*ROW(Log!B5:B404),11)))),"")} | C12: {=IFERROR(IF(SUMPRODUCT(LARGE((Log!B5:B404="Yielding")*ROW(Log!B5:B404),11))=0,"",INDEX(Log!D:D,SUMPRODUCT(LARGE((Log!B5:B404="Yielding")*ROW(Log!B5:B404),11)))),"")} | D12: {=IFERROR(IF(SUMPRODUCT(LARGE((Log!B5:B404="Yielding")*ROW(Log!B5:B404),11))=0,"",INDEX(Log!E:E,SUMPRODUCT(LARGE((Log!B5:B404="Yielding")*ROW(Log!B5:B404),11)))),"")} | E12: {=IFERROR(IF(SUMPRODUCT(LARGE((Log!B5:B404="Yielding")*ROW(Log!B5:B404),11))=0,"",INDEX(Log!F:F,SUMPRODUCT(LARGE((Log!B5:B404="Yielding")*ROW(Log!B5:B404),11)))),"")} | F12: {=IFERROR(IF(SUMPRODUCT(LARGE((Log!B5:B404="Yielding")*ROW(Log!B5:B404),11))=0,"",INDEX(Log!M:M,SUMPRODUCT(LARGE((Log!B5:B404="Yielding")*ROW(Log!B5:B404),11)))),"")} | G12: =IF(AND(ISNUMBER(F12),OR(C12="Heavy",C12="Test")),F12,"") | H12: =IF(AND(ISNUMBER(F12),C12="Volume"),F12,"") | I12: =IFERROR(IF(F12="","",D12/MAX($F$2:$F$51)*100),"") | L12: 11 | M12: {=IFERROR(IF(SUMPRODUCT(LARGE((Log!J5:J404<>"")*ROW(Log!J5:J404),11))=0,"",INDEX(Log!A:A,SUMPRODUCT(LARGE((Log!J5:J404<>"")*ROW(Log!J5:J404),11)))),"")} -> 46149 | N12: {=IFERROR(IF(SUMPRODUCT(LARGE((Log!J5:J404<>"")*ROW(Log!J5:J404),11))=0,"",INDEX(Log!J:J,SUMPRODUCT(LARGE((Log!J5:J404<>"")*ROW(Log!J5:J404),11)))),"")} -> 2 | O12: =IFERROR(IF(COUNT(N12:N16)<3,"",AVERAGE(N12:N16)),"") -> 2.2 | S12: =IF(AND(ISNUMBER(I12),OR(C12="Heavy",C12="Test")),I12,"") | T12: =IF(AND(ISNUMBER(I12),C12="Volume"),I12,"")
A13: 12 | B13: {=IFERROR(IF(SUMPRODUCT(LARGE((Log!B5:B404="Yielding")*ROW(Log!B5:B404),12))=0,"",INDEX(Log!A:A,SUMPRODUCT(LARGE((Log!B5:B404="Yielding")*ROW(Log!B5:B404),12)))),"")} | C13: {=IFERROR(IF(SUMPRODUCT(LARGE((Log!B5:B404="Yielding")*ROW(Log!B5:B404),12))=0,"",INDEX(Log!D:D,SUMPRODUCT(LARGE((Log!B5:B404="Yielding")*ROW(Log!B5:B404),12)))),"")} | D13: {=IFERROR(IF(SUMPRODUCT(LARGE((Log!B5:B404="Yielding")*ROW(Log!B5:B404),12))=0,"",INDEX(Log!E:E,SUMPRODUCT(LARGE((Log!B5:B404="Yielding")*ROW(Log!B5:B404),12)))),"")} | E13: {=IFERROR(IF(SUMPRODUCT(LARGE((Log!B5:B404="Yielding")*ROW(Log!B5:B404),12))=0,"",INDEX(Log!F:F,SUMPRODUCT(LARGE((Log!B5:B404="Yielding")*ROW(Log!B5:B404),12)))),"")} | F13: {=IFERROR(IF(SUMPRODUCT(LARGE((Log!B5:B404="Yielding")*ROW(Log!B5:B404),12))=0,"",INDEX(Log!M:M,SUMPRODUCT(LARGE((Log!B5:B404="Yielding")*ROW(Log!B5:B404),12)))),"")} | G13: =IF(AND(ISNUMBER(F13),OR(C13="Heavy",C13="Test")),F13,"") | H13: =IF(AND(ISNUMBER(F13),C13="Volume"),F13,"") | I13: =IFERROR(IF(F13="","",D13/MAX($F$2:$F$51)*100),"") | L13: 12 | M13: {=IFERROR(IF(SUMPRODUCT(LARGE((Log!J5:J404<>"")*ROW(Log!J5:J404),12))=0,"",INDEX(Log!A:A,SUMPRODUCT(LARGE((Log!J5:J404<>"")*ROW(Log!J5:J404),12)))),"")} -> 46146 | N13: {=IFERROR(IF(SUMPRODUCT(LARGE((Log!J5:J404<>"")*ROW(Log!J5:J404),12))=0,"",INDEX(Log!J:J,SUMPRODUCT(LARGE((Log!J5:J404<>"")*ROW(Log!J5:J404),12)))),"")} -> 2 | O13: =IFERROR(IF(COUNT(N13:N17)<3,"",AVERAGE(N13:N17)),"") -> 2.2 | S13: =IF(AND(ISNUMBER(I13),OR(C13="Heavy",C13="Test")),I13,"") | T13: =IF(AND(ISNUMBER(I13),C13="Volume"),I13,"")
A14: 13 | B14: {=IFERROR(IF(SUMPRODUCT(LARGE((Log!B5:B404="Yielding")*ROW(Log!B5:B404),13))=0,"",INDEX(Log!A:A,SUMPRODUCT(LARGE((Log!B5:B404="Yielding")*ROW(Log!B5:B404),13)))),"")} | C14: {=IFERROR(IF(SUMPRODUCT(LARGE((Log!B5:B404="Yielding")*ROW(Log!B5:B404),13))=0,"",INDEX(Log!D:D,SUMPRODUCT(LARGE((Log!B5:B404="Yielding")*ROW(Log!B5:B404),13)))),"")} | D14: {=IFERROR(IF(SUMPRODUCT(LARGE((Log!B5:B404="Yielding")*ROW(Log!B5:B404),13))=0,"",INDEX(Log!E:E,SUMPRODUCT(LARGE((Log!B5:B404="Yielding")*ROW(Log!B5:B404),13)))),"")} | E14: {=IFERROR(IF(SUMPRODUCT(LARGE((Log!B5:B404="Yielding")*ROW(Log!B5:B404),13))=0,"",INDEX(Log!F:F,SUMPRODUCT(LARGE((Log!B5:B404="Yielding")*ROW(Log!B5:B404),13)))),"")} | F14: {=IFERROR(IF(SUMPRODUCT(LARGE((Log!B5:B404="Yielding")*ROW(Log!B5:B404),13))=0,"",INDEX(Log!M:M,SUMPRODUCT(LARGE((Log!B5:B404="Yielding")*ROW(Log!B5:B404),13)))),"")} | G14: =IF(AND(ISNUMBER(F14),OR(C14="Heavy",C14="Test")),F14,"") | H14: =IF(AND(ISNUMBER(F14),C14="Volume"),F14,"") | I14: =IFERROR(IF(F14="","",D14/MAX($F$2:$F$51)*100),"") | L14: 13 | M14: {=IFERROR(IF(SUMPRODUCT(LARGE((Log!J5:J404<>"")*ROW(Log!J5:J404),13))=0,"",INDEX(Log!A:A,SUMPRODUCT(LARGE((Log!J5:J404<>"")*ROW(Log!J5:J404),13)))),"")} -> 46143 | N14: {=IFERROR(IF(SUMPRODUCT(LARGE((Log!J5:J404<>"")*ROW(Log!J5:J404),13))=0,"",INDEX(Log!J:J,SUMPRODUCT(LARGE((Log!J5:J404<>"")*ROW(Log!J5:J404),13)))),"")} -> 2 | O14: =IFERROR(IF(COUNT(N14:N18)<3,"",AVERAGE(N14:N18)),"") -> 2.4 | S14: =IF(AND(ISNUMBER(I14),OR(C14="Heavy",C14="Test")),I14,"") | T14: =IF(AND(ISNUMBER(I14),C14="Volume"),I14,"")
A15: 14 | B15: {=IFERROR(IF(SUMPRODUCT(LARGE((Log!B5:B404="Yielding")*ROW(Log!B5:B404),14))=0,"",INDEX(Log!A:A,SUMPRODUCT(LARGE((Log!B5:B404="Yielding")*ROW(Log!B5:B404),14)))),"")} | C15: {=IFERROR(IF(SUMPRODUCT(LARGE((Log!B5:B404="Yielding")*ROW(Log!B5:B404),14))=0,"",INDEX(Log!D:D,SUMPRODUCT(LARGE((Log!B5:B404="Yielding")*ROW(Log!B5:B404),14)))),"")} | D15: {=IFERROR(IF(SUMPRODUCT(LARGE((Log!B5:B404="Yielding")*ROW(Log!B5:B404),14))=0,"",INDEX(Log!E:E,SUMPRODUCT(LARGE((Log!B5:B404="Yielding")*ROW(Log!B5:B404),14)))),"")} | E15: {=IFERROR(IF(SUMPRODUCT(LARGE((Log!B5:B404="Yielding")*ROW(Log!B5:B404),14))=0,"",INDEX(Log!F:F,SUMPRODUCT(LARGE((Log!B5:B404="Yielding")*ROW(Log!B5:B404),14)))),"")} | F15: {=IFERROR(IF(SUMPRODUCT(LARGE((Log!B5:B404="Yielding")*ROW(Log!B5:B404),14))=0,"",INDEX(Log!M:M,SUMPRODUCT(LARGE((Log!B5:B404="Yielding")*ROW(Log!B5:B404),14)))),"")} | G15: =IF(AND(ISNUMBER(F15),OR(C15="Heavy",C15="Test")),F15,"") | H15: =IF(AND(ISNUMBER(F15),C15="Volume"),F15,"") | I15: =IFERROR(IF(F15="","",D15/MAX($F$2:$F$51)*100),"") | L15: 14 | M15: {=IFERROR(IF(SUMPRODUCT(LARGE((Log!J5:J404<>"")*ROW(Log!J5:J404),14))=0,"",INDEX(Log!A:A,SUMPRODUCT(LARGE((Log!J5:J404<>"")*ROW(Log!J5:J404),14)))),"")} -> 46142 | N15: {=IFERROR(IF(SUMPRODUCT(LARGE((Log!J5:J404<>"")*ROW(Log!J5:J404),14))=0,"",INDEX(Log!J:J,SUMPRODUCT(LARGE((Log!J5:J404<>"")*ROW(Log!J5:J404),14)))),"")} -> 3 | O15: =IFERROR(IF(COUNT(N15:N19)<3,"",AVERAGE(N15:N19)),"") -> 2.4 | S15: =IF(AND(ISNUMBER(I15),OR(C15="Heavy",C15="Test")),I15,"") | T15: =IF(AND(ISNUMBER(I15),C15="Volume"),I15,"")
A16: 15 | B16: {=IFERROR(IF(SUMPRODUCT(LARGE((Log!B5:B404="Yielding")*ROW(Log!B5:B404),15))=0,"",INDEX(Log!A:A,SUMPRODUCT(LARGE((Log!B5:B404="Yielding")*ROW(Log!B5:B404),15)))),"")} | C16: {=IFERROR(IF(SUMPRODUCT(LARGE((Log!B5:B404="Yielding")*ROW(Log!B5:B404),15))=0,"",INDEX(Log!D:D,SUMPRODUCT(LARGE((Log!B5:B404="Yielding")*ROW(Log!B5:B404),15)))),"")} | D16: {=IFERROR(IF(SUMPRODUCT(LARGE((Log!B5:B404="Yielding")*ROW(Log!B5:B404),15))=0,"",INDEX(Log!E:E,SUMPRODUCT(LARGE((Log!B5:B404="Yielding")*ROW(Log!B5:B404),15)))),"")} | E16: {=IFERROR(IF(SUMPRODUCT(LARGE((Log!B5:B404="Yielding")*ROW(Log!B5:B404),15))=0,"",INDEX(Log!F:F,SUMPRODUCT(LARGE((Log!B5:B404="Yielding")*ROW(Log!B5:B404),15)))),"")} | F16: {=IFERROR(IF(SUMPRODUCT(LARGE((Log!B5:B404="Yielding")*ROW(Log!B5:B404),15))=0,"",INDEX(Log!M:M,SUMPRODUCT(LARGE((Log!B5:B404="Yielding")*ROW(Log!B5:B404),15)))),"")} | G16: =IF(AND(ISNUMBER(F16),OR(C16="Heavy",C16="Test")),F16,"") | H16: =IF(AND(ISNUMBER(F16),C16="Volume"),F16,"") | I16: =IFERROR(IF(F16="","",D16/MAX($F$2:$F$51)*100),"") | L16: 15 | M16: {=IFERROR(IF(SUMPRODUCT(LARGE((Log!J5:J404<>"")*ROW(Log!J5:J404),15))=0,"",INDEX(Log!A:A,SUMPRODUCT(LARGE((Log!J5:J404<>"")*ROW(Log!J5:J404),15)))),"")} -> 46140 | N16: {=IFERROR(IF(SUMPRODUCT(LARGE((Log!J5:J404<>"")*ROW(Log!J5:J404),15))=0,"",INDEX(Log!J:J,SUMPRODUCT(LARGE((Log!J5:J404<>"")*ROW(Log!J5:J404),15)))),"")} -> 2 | O16: =IFERROR(IF(COUNT(N16:N20)<3,"",AVERAGE(N16:N20)),"") -> 2.4 | S16: =IF(AND(ISNUMBER(I16),OR(C16="Heavy",C16="Test")),I16,"") | T16: =IF(AND(ISNUMBER(I16),C16="Volume"),I16,"")
A17: 16 | B17: {=IFERROR(IF(SUMPRODUCT(LARGE((Log!B5:B404="Yielding")*ROW(Log!B5:B404),16))=0,"",INDEX(Log!A:A,SUMPRODUCT(LARGE((Log!B5:B404="Yielding")*ROW(Log!B5:B404),16)))),"")} | C17: {=IFERROR(IF(SUMPRODUCT(LARGE((Log!B5:B404="Yielding")*ROW(Log!B5:B404),16))=0,"",INDEX(Log!D:D,SUMPRODUCT(LARGE((Log!B5:B404="Yielding")*ROW(Log!B5:B404),16)))),"")} | D17: {=IFERROR(IF(SUMPRODUCT(LARGE((Log!B5:B404="Yielding")*ROW(Log!B5:B404),16))=0,"",INDEX(Log!E:E,SUMPRODUCT(LARGE((Log!B5:B404="Yielding")*ROW(Log!B5:B404),16)))),"")} | E17: {=IFERROR(IF(SUMPRODUCT(LARGE((Log!B5:B404="Yielding")*ROW(Log!B5:B404),16))=0,"",INDEX(Log!F:F,SUMPRODUCT(LARGE((Log!B5:B404="Yielding")*ROW(Log!B5:B404),16)))),"")} | F17: {=IFERROR(IF(SUMPRODUCT(LARGE((Log!B5:B404="Yielding")*ROW(Log!B5:B404),16))=0,"",INDEX(Log!M:M,SUMPRODUCT(LARGE((Log!B5:B404="Yielding")*ROW(Log!B5:B404),16)))),"")} | G17: =IF(AND(ISNUMBER(F17),OR(C17="Heavy",C17="Test")),F17,"") | H17: =IF(AND(ISNUMBER(F17),C17="Volume"),F17,"") | I17: =IFERROR(IF(F17="","",D17/MAX($F$2:$F$51)*100),"") | L17: 16 | M17: {=IFERROR(IF(SUMPRODUCT(LARGE((Log!J5:J404<>"")*ROW(Log!J5:J404),16))=0,"",INDEX(Log!A:A,SUMPRODUCT(LARGE((Log!J5:J404<>"")*ROW(Log!J5:J404),16)))),"")} -> 46136 | N17: {=IFERROR(IF(SUMPRODUCT(LARGE((Log!J5:J404<>"")*ROW(Log!J5:J404),16))=0,"",INDEX(Log!J:J,SUMPRODUCT(LARGE((Log!J5:J404<>"")*ROW(Log!J5:J404),16)))),"")} -> 2 | O17: =IFERROR(IF(COUNT(N17:N21)<3,"",AVERAGE(N17:N21)),"") -> 2.5 | S17: =IF(AND(ISNUMBER(I17),OR(C17="Heavy",C17="Test")),I17,"") | T17: =IF(AND(ISNUMBER(I17),C17="Volume"),I17,"")
A18: 17 | B18: {=IFERROR(IF(SUMPRODUCT(LARGE((Log!B5:B404="Yielding")*ROW(Log!B5:B404),17))=0,"",INDEX(Log!A:A,SUMPRODUCT(LARGE((Log!B5:B404="Yielding")*ROW(Log!B5:B404),17)))),"")} | C18: {=IFERROR(IF(SUMPRODUCT(LARGE((Log!B5:B404="Yielding")*ROW(Log!B5:B404),17))=0,"",INDEX(Log!D:D,SUMPRODUCT(LARGE((Log!B5:B404="Yielding")*ROW(Log!B5:B404),17)))),"")} | D18: {=IFERROR(IF(SUMPRODUCT(LARGE((Log!B5:B404="Yielding")*ROW(Log!B5:B404),17))=0,"",INDEX(Log!E:E,SUMPRODUCT(LARGE((Log!B5:B404="Yielding")*ROW(Log!B5:B404),17)))),"")} | E18: {=IFERROR(IF(SUMPRODUCT(LARGE((Log!B5:B404="Yielding")*ROW(Log!B5:B404),17))=0,"",INDEX(Log!F:F,SUMPRODUCT(LARGE((Log!B5:B404="Yielding")*ROW(Log!B5:B404),17)))),"")} | F18: {=IFERROR(IF(SUMPRODUCT(LARGE((Log!B5:B404="Yielding")*ROW(Log!B5:B404),17))=0,"",INDEX(Log!M:M,SUMPRODUCT(LARGE((Log!B5:B404="Yielding")*ROW(Log!B5:B404),17)))),"")} | G18: =IF(AND(ISNUMBER(F18),OR(C18="Heavy",C18="Test")),F18,"") | H18: =IF(AND(ISNUMBER(F18),C18="Volume"),F18,"") | I18: =IFERROR(IF(F18="","",D18/MAX($F$2:$F$51)*100),"") | L18: 17 | M18: {=IFERROR(IF(SUMPRODUCT(LARGE((Log!J5:J404<>"")*ROW(Log!J5:J404),17))=0,"",INDEX(Log!A:A,SUMPRODUCT(LARGE((Log!J5:J404<>"")*ROW(Log!J5:J404),17)))),"")} -> 46134 | N18: {=IFERROR(IF(SUMPRODUCT(LARGE((Log!J5:J404<>"")*ROW(Log!J5:J404),17))=0,"",INDEX(Log!J:J,SUMPRODUCT(LARGE((Log!J5:J404<>"")*ROW(Log!J5:J404),17)))),"")} -> 3 | O18: =IFERROR(IF(COUNT(N18:N22)<3,"",AVERAGE(N18:N22)),"") -> 2.6666667 | S18: =IF(AND(ISNUMBER(I18),OR(C18="Heavy",C18="Test")),I18,"") | T18: =IF(AND(ISNUMBER(I18),C18="Volume"),I18,"")
A19: 18 | B19: {=IFERROR(IF(SUMPRODUCT(LARGE((Log!B5:B404="Yielding")*ROW(Log!B5:B404),18))=0,"",INDEX(Log!A:A,SUMPRODUCT(LARGE((Log!B5:B404="Yielding")*ROW(Log!B5:B404),18)))),"")} | C19: {=IFERROR(IF(SUMPRODUCT(LARGE((Log!B5:B404="Yielding")*ROW(Log!B5:B404),18))=0,"",INDEX(Log!D:D,SUMPRODUCT(LARGE((Log!B5:B404="Yielding")*ROW(Log!B5:B404),18)))),"")} | D19: {=IFERROR(IF(SUMPRODUCT(LARGE((Log!B5:B404="Yielding")*ROW(Log!B5:B404),18))=0,"",INDEX(Log!E:E,SUMPRODUCT(LARGE((Log!B5:B404="Yielding")*ROW(Log!B5:B404),18)))),"")} | E19: {=IFERROR(IF(SUMPRODUCT(LARGE((Log!B5:B404="Yielding")*ROW(Log!B5:B404),18))=0,"",INDEX(Log!F:F,SUMPRODUCT(LARGE((Log!B5:B404="Yielding")*ROW(Log!B5:B404),18)))),"")} | F19: {=IFERROR(IF(SUMPRODUCT(LARGE((Log!B5:B404="Yielding")*ROW(Log!B5:B404),18))=0,"",INDEX(Log!M:M,SUMPRODUCT(LARGE((Log!B5:B404="Yielding")*ROW(Log!B5:B404),18)))),"")} | G19: =IF(AND(ISNUMBER(F19),OR(C19="Heavy",C19="Test")),F19,"") | H19: =IF(AND(ISNUMBER(F19),C19="Volume"),F19,"") | I19: =IFERROR(IF(F19="","",D19/MAX($F$2:$F$51)*100),"") | L19: 18 | M19: {=IFERROR(IF(SUMPRODUCT(LARGE((Log!J5:J404<>"")*ROW(Log!J5:J404),18))=0,"",INDEX(Log!A:A,SUMPRODUCT(LARGE((Log!J5:J404<>"")*ROW(Log!J5:J404),18)))),"")} -> 46133 | N19: {=IFERROR(IF(SUMPRODUCT(LARGE((Log!J5:J404<>"")*ROW(Log!J5:J404),18))=0,"",INDEX(Log!J:J,SUMPRODUCT(LARGE((Log!J5:J404<>"")*ROW(Log!J5:J404),18)))),"")} -> 2 | O19: =IFERROR(IF(COUNT(N19:N23)<3,"",AVERAGE(N19:N23)),"") | S19: =IF(AND(ISNUMBER(I19),OR(C19="Heavy",C19="Test")),I19,"") | T19: =IF(AND(ISNUMBER(I19),C19="Volume"),I19,"")
A20: 19 | B20: {=IFERROR(IF(SUMPRODUCT(LARGE((Log!B5:B404="Yielding")*ROW(Log!B5:B404),19))=0,"",INDEX(Log!A:A,SUMPRODUCT(LARGE((Log!B5:B404="Yielding")*ROW(Log!B5:B404),19)))),"")} | C20: {=IFERROR(IF(SUMPRODUCT(LARGE((Log!B5:B404="Yielding")*ROW(Log!B5:B404),19))=0,"",INDEX(Log!D:D,SUMPRODUCT(LARGE((Log!B5:B404="Yielding")*ROW(Log!B5:B404),19)))),"")} | D20: {=IFERROR(IF(SUMPRODUCT(LARGE((Log!B5:B404="Yielding")*ROW(Log!B5:B404),19))=0,"",INDEX(Log!E:E,SUMPRODUCT(LARGE((Log!B5:B404="Yielding")*ROW(Log!B5:B404),19)))),"")} | E20: {=IFERROR(IF(SUMPRODUCT(LARGE((Log!B5:B404="Yielding")*ROW(Log!B5:B404),19))=0,"",INDEX(Log!F:F,SUMPRODUCT(LARGE((Log!B5:B404="Yielding")*ROW(Log!B5:B404),19)))),"")} | F20: {=IFERROR(IF(SUMPRODUCT(LARGE((Log!B5:B404="Yielding")*ROW(Log!B5:B404),19))=0,"",INDEX(Log!M:M,SUMPRODUCT(LARGE((Log!B5:B404="Yielding")*ROW(Log!B5:B404),19)))),"")} | G20: =IF(AND(ISNUMBER(F20),OR(C20="Heavy",C20="Test")),F20,"") | H20: =IF(AND(ISNUMBER(F20),C20="Volume"),F20,"") | I20: =IFERROR(IF(F20="","",D20/MAX($F$2:$F$51)*100),"") | L20: 19 | M20: {=IFERROR(IF(SUMPRODUCT(LARGE((Log!J5:J404<>"")*ROW(Log!J5:J404),19))=0,"",INDEX(Log!A:A,SUMPRODUCT(LARGE((Log!J5:J404<>"")*ROW(Log!J5:J404),19)))),"")} -> 46126 | N20: {=IFERROR(IF(SUMPRODUCT(LARGE((Log!J5:J404<>"")*ROW(Log!J5:J404),19))=0,"",INDEX(Log!J:J,SUMPRODUCT(LARGE((Log!J5:J404<>"")*ROW(Log!J5:J404),19)))),"")} -> 3 | O20: =IFERROR(IF(COUNT(N20:N24)<3,"",AVERAGE(N20:N24)),"") | S20: =IF(AND(ISNUMBER(I20),OR(C20="Heavy",C20="Test")),I20,"") | T20: =IF(AND(ISNUMBER(I20),C20="Volume"),I20,"")
A21: 20 | B21: {=IFERROR(IF(SUMPRODUCT(LARGE((Log!B5:B404="Yielding")*ROW(Log!B5:B404),20))=0,"",INDEX(Log!A:A,SUMPRODUCT(LARGE((Log!B5:B404="Yielding")*ROW(Log!B5:B404),20)))),"")} | C21: {=IFERROR(IF(SUMPRODUCT(LARGE((Log!B5:B404="Yielding")*ROW(Log!B5:B404),20))=0,"",INDEX(Log!D:D,SUMPRODUCT(LARGE((Log!B5:B404="Yielding")*ROW(Log!B5:B404),20)))),"")} | D21: {=IFERROR(IF(SUMPRODUCT(LARGE((Log!B5:B404="Yielding")*ROW(Log!B5:B404),20))=0,"",INDEX(Log!E:E,SUMPRODUCT(LARGE((Log!B5:B404="Yielding")*ROW(Log!B5:B404),20)))),"")} | E21: {=IFERROR(IF(SUMPRODUCT(LARGE((Log!B5:B404="Yielding")*ROW(Log!B5:B404),20))=0,"",INDEX(Log!F:F,SUMPRODUCT(LARGE((Log!B5:B404="Yielding")*ROW(Log!B5:B404),20)))),"")} | F21: {=IFERROR(IF(SUMPRODUCT(LARGE((Log!B5:B404="Yielding")*ROW(Log!B5:B404),20))=0,"",INDEX(Log!M:M,SUMPRODUCT(LARGE((Log!B5:B404="Yielding")*ROW(Log!B5:B404),20)))),"")} | G21: =IF(AND(ISNUMBER(F21),OR(C21="Heavy",C21="Test")),F21,"") | H21: =IF(AND(ISNUMBER(F21),C21="Volume"),F21,"") | I21: =IFERROR(IF(F21="","",D21/MAX($F$2:$F$51)*100),"") | L21: 20 | M21: {=IFERROR(IF(SUMPRODUCT(LARGE((Log!J5:J404<>"")*ROW(Log!J5:J404),20))=0,"",INDEX(Log!A:A,SUMPRODUCT(LARGE((Log!J5:J404<>"")*ROW(Log!J5:J404),20)))),"")} | N21: {=IFERROR(IF(SUMPRODUCT(LARGE((Log!J5:J404<>"")*ROW(Log!J5:J404),20))=0,"",INDEX(Log!J:J,SUMPRODUCT(LARGE((Log!J5:J404<>"")*ROW(Log!J5:J404),20)))),"")} | O21: =IFERROR(IF(COUNT(N21:N25)<3,"",AVERAGE(N21:N25)),"") | S21: =IF(AND(ISNUMBER(I21),OR(C21="Heavy",C21="Test")),I21,"") | T21: =IF(AND(ISNUMBER(I21),C21="Volume"),I21,"")
A22: 21 | B22: {=IFERROR(IF(SUMPRODUCT(LARGE((Log!B5:B404="Yielding")*ROW(Log!B5:B404),21))=0,"",INDEX(Log!A:A,SUMPRODUCT(LARGE((Log!B5:B404="Yielding")*ROW(Log!B5:B404),21)))),"")} | C22: {=IFERROR(IF(SUMPRODUCT(LARGE((Log!B5:B404="Yielding")*ROW(Log!B5:B404),21))=0,"",INDEX(Log!D:D,SUMPRODUCT(LARGE((Log!B5:B404="Yielding")*ROW(Log!B5:B404),21)))),"")} | D22: {=IFERROR(IF(SUMPRODUCT(LARGE((Log!B5:B404="Yielding")*ROW(Log!B5:B404),21))=0,"",INDEX(Log!E:E,SUMPRODUCT(LARGE((Log!B5:B404="Yielding")*ROW(Log!B5:B404),21)))),"")} | E22: {=IFERROR(IF(SUMPRODUCT(LARGE((Log!B5:B404="Yielding")*ROW(Log!B5:B404),21))=0,"",INDEX(Log!F:F,SUMPRODUCT(LARGE((Log!B5:B404="Yielding")*ROW(Log!B5:B404),21)))),"")} | F22: {=IFERROR(IF(SUMPRODUCT(LARGE((Log!B5:B404="Yielding")*ROW(Log!B5:B404),21))=0,"",INDEX(Log!M:M,SUMPRODUCT(LARGE((Log!B5:B404="Yielding")*ROW(Log!B5:B404),21)))),"")} | G22: =IF(AND(ISNUMBER(F22),OR(C22="Heavy",C22="Test")),F22,"") | H22: =IF(AND(ISNUMBER(F22),C22="Volume"),F22,"") | I22: =IFERROR(IF(F22="","",D22/MAX($F$2:$F$51)*100),"") | L22: 21 | M22: {=IFERROR(IF(SUMPRODUCT(LARGE((Log!J5:J404<>"")*ROW(Log!J5:J404),21))=0,"",INDEX(Log!A:A,SUMPRODUCT(LARGE((Log!J5:J404<>"")*ROW(Log!J5:J404),21)))),"")} | N22: {=IFERROR(IF(SUMPRODUCT(LARGE((Log!J5:J404<>"")*ROW(Log!J5:J404),21))=0,"",INDEX(Log!J:J,SUMPRODUCT(LARGE((Log!J5:J404<>"")*ROW(Log!J5:J404),21)))),"")} | O22: =IFERROR(IF(COUNT(N22:N26)<3,"",AVERAGE(N22:N26)),"") | S22: =IF(AND(ISNUMBER(I22),OR(C22="Heavy",C22="Test")),I22,"") | T22: =IF(AND(ISNUMBER(I22),C22="Volume"),I22,"")
A23: 22 | B23: {=IFERROR(IF(SUMPRODUCT(LARGE((Log!B5:B404="Yielding")*ROW(Log!B5:B404),22))=0,"",INDEX(Log!A:A,SUMPRODUCT(LARGE((Log!B5:B404="Yielding")*ROW(Log!B5:B404),22)))),"")} | C23: {=IFERROR(IF(SUMPRODUCT(LARGE((Log!B5:B404="Yielding")*ROW(Log!B5:B404),22))=0,"",INDEX(Log!D:D,SUMPRODUCT(LARGE((Log!B5:B404="Yielding")*ROW(Log!B5:B404),22)))),"")} | D23: {=IFERROR(IF(SUMPRODUCT(LARGE((Log!B5:B404="Yielding")*ROW(Log!B5:B404),22))=0,"",INDEX(Log!E:E,SUMPRODUCT(LARGE((Log!B5:B404="Yielding")*ROW(Log!B5:B404),22)))),"")} | E23: {=IFERROR(IF(SUMPRODUCT(LARGE((Log!B5:B404="Yielding")*ROW(Log!B5:B404),22))=0,"",INDEX(Log!F:F,SUMPRODUCT(LARGE((Log!B5:B404="Yielding")*ROW(Log!B5:B404),22)))),"")} | F23: {=IFERROR(IF(SUMPRODUCT(LARGE((Log!B5:B404="Yielding")*ROW(Log!B5:B404),22))=0,"",INDEX(Log!M:M,SUMPRODUCT(LARGE((Log!B5:B404="Yielding")*ROW(Log!B5:B404),22)))),"")} | G23: =IF(AND(ISNUMBER(F23),OR(C23="Heavy",C23="Test")),F23,"") | H23: =IF(AND(ISNUMBER(F23),C23="Volume"),F23,"") | I23: =IFERROR(IF(F23="","",D23/MAX($F$2:$F$51)*100),"") | L23: 22 | M23: {=IFERROR(IF(SUMPRODUCT(LARGE((Log!J5:J404<>"")*ROW(Log!J5:J404),22))=0,"",INDEX(Log!A:A,SUMPRODUCT(LARGE((Log!J5:J404<>"")*ROW(Log!J5:J404),22)))),"")} | N23: {=IFERROR(IF(SUMPRODUCT(LARGE((Log!J5:J404<>"")*ROW(Log!J5:J404),22))=0,"",INDEX(Log!J:J,SUMPRODUCT(LARGE((Log!J5:J404<>"")*ROW(Log!J5:J404),22)))),"")} | O23: =IFERROR(IF(COUNT(N23:N27)<3,"",AVERAGE(N23:N27)),"") | S23: =IF(AND(ISNUMBER(I23),OR(C23="Heavy",C23="Test")),I23,"") | T23: =IF(AND(ISNUMBER(I23),C23="Volume"),I23,"")
A24: 23 | B24: {=IFERROR(IF(SUMPRODUCT(LARGE((Log!B5:B404="Yielding")*ROW(Log!B5:B404),23))=0,"",INDEX(Log!A:A,SUMPRODUCT(LARGE((Log!B5:B404="Yielding")*ROW(Log!B5:B404),23)))),"")} | C24: {=IFERROR(IF(SUMPRODUCT(LARGE((Log!B5:B404="Yielding")*ROW(Log!B5:B404),23))=0,"",INDEX(Log!D:D,SUMPRODUCT(LARGE((Log!B5:B404="Yielding")*ROW(Log!B5:B404),23)))),"")} | D24: {=IFERROR(IF(SUMPRODUCT(LARGE((Log!B5:B404="Yielding")*ROW(Log!B5:B404),23))=0,"",INDEX(Log!E:E,SUMPRODUCT(LARGE((Log!B5:B404="Yielding")*ROW(Log!B5:B404),23)))),"")} | E24: {=IFERROR(IF(SUMPRODUCT(LARGE((Log!B5:B404="Yielding")*ROW(Log!B5:B404),23))=0,"",INDEX(Log!F:F,SUMPRODUCT(LARGE((Log!B5:B404="Yielding")*ROW(Log!B5:B404),23)))),"")} | F24: {=IFERROR(IF(SUMPRODUCT(LARGE((Log!B5:B404="Yielding")*ROW(Log!B5:B404),23))=0,"",INDEX(Log!M:M,SUMPRODUCT(LARGE((Log!B5:B404="Yielding")*ROW(Log!B5:B404),23)))),"")} | G24: =IF(AND(ISNUMBER(F24),OR(C24="Heavy",C24="Test")),F24,"") | H24: =IF(AND(ISNUMBER(F24),C24="Volume"),F24,"") | I24: =IFERROR(IF(F24="","",D24/MAX($F$2:$F$51)*100),"") | L24: 23 | M24: {=IFERROR(IF(SUMPRODUCT(LARGE((Log!J5:J404<>"")*ROW(Log!J5:J404),23))=0,"",INDEX(Log!A:A,SUMPRODUCT(LARGE((Log!J5:J404<>"")*ROW(Log!J5:J404),23)))),"")} | N24: {=IFERROR(IF(SUMPRODUCT(LARGE((Log!J5:J404<>"")*ROW(Log!J5:J404),23))=0,"",INDEX(Log!J:J,SUMPRODUCT(LARGE((Log!J5:J404<>"")*ROW(Log!J5:J404),23)))),"")} | O24: =IFERROR(IF(COUNT(N24:N28)<3,"",AVERAGE(N24:N28)),"") | S24: =IF(AND(ISNUMBER(I24),OR(C24="Heavy",C24="Test")),I24,"") | T24: =IF(AND(ISNUMBER(I24),C24="Volume"),I24,"")
A25: 24 | B25: {=IFERROR(IF(SUMPRODUCT(LARGE((Log!B5:B404="Yielding")*ROW(Log!B5:B404),24))=0,"",INDEX(Log!A:A,SUMPRODUCT(LARGE((Log!B5:B404="Yielding")*ROW(Log!B5:B404),24)))),"")} | C25: {=IFERROR(IF(SUMPRODUCT(LARGE((Log!B5:B404="Yielding")*ROW(Log!B5:B404),24))=0,"",INDEX(Log!D:D,SUMPRODUCT(LARGE((Log!B5:B404="Yielding")*ROW(Log!B5:B404),24)))),"")} | D25: {=IFERROR(IF(SUMPRODUCT(LARGE((Log!B5:B404="Yielding")*ROW(Log!B5:B404),24))=0,"",INDEX(Log!E:E,SUMPRODUCT(LARGE((Log!B5:B404="Yielding")*ROW(Log!B5:B404),24)))),"")} | E25: {=IFERROR(IF(SUMPRODUCT(LARGE((Log!B5:B404="Yielding")*ROW(Log!B5:B404),24))=0,"",INDEX(Log!F:F,SUMPRODUCT(LARGE((Log!B5:B404="Yielding")*ROW(Log!B5:B404),24)))),"")} | F25: {=IFERROR(IF(SUMPRODUCT(LARGE((Log!B5:B404="Yielding")*ROW(Log!B5:B404),24))=0,"",INDEX(Log!M:M,SUMPRODUCT(LARGE((Log!B5:B404="Yielding")*ROW(Log!B5:B404),24)))),"")} | G25: =IF(AND(ISNUMBER(F25),OR(C25="Heavy",C25="Test")),F25,"") | H25: =IF(AND(ISNUMBER(F25),C25="Volume"),F25,"") | I25: =IFERROR(IF(F25="","",D25/MAX($F$2:$F$51)*100),"") | L25: 24 | M25: {=IFERROR(IF(SUMPRODUCT(LARGE((Log!J5:J404<>"")*ROW(Log!J5:J404),24))=0,"",INDEX(Log!A:A,SUMPRODUCT(LARGE((Log!J5:J404<>"")*ROW(Log!J5:J404),24)))),"")} | N25: {=IFERROR(IF(SUMPRODUCT(LARGE((Log!J5:J404<>"")*ROW(Log!J5:J404),24))=0,"",INDEX(Log!J:J,SUMPRODUCT(LARGE((Log!J5:J404<>"")*ROW(Log!J5:J404),24)))),"")} | O25: =IFERROR(IF(COUNT(N25:N29)<3,"",AVERAGE(N25:N29)),"") | S25: =IF(AND(ISNUMBER(I25),OR(C25="Heavy",C25="Test")),I25,"") | T25: =IF(AND(ISNUMBER(I25),C25="Volume"),I25,"")
A26: 25 | B26: {=IFERROR(IF(SUMPRODUCT(LARGE((Log!B5:B404="Yielding")*ROW(Log!B5:B404),25))=0,"",INDEX(Log!A:A,SUMPRODUCT(LARGE((Log!B5:B404="Yielding")*ROW(Log!B5:B404),25)))),"")} | C26: {=IFERROR(IF(SUMPRODUCT(LARGE((Log!B5:B404="Yielding")*ROW(Log!B5:B404),25))=0,"",INDEX(Log!D:D,SUMPRODUCT(LARGE((Log!B5:B404="Yielding")*ROW(Log!B5:B404),25)))),"")} | D26: {=IFERROR(IF(SUMPRODUCT(LARGE((Log!B5:B404="Yielding")*ROW(Log!B5:B404),25))=0,"",INDEX(Log!E:E,SUMPRODUCT(LARGE((Log!B5:B404="Yielding")*ROW(Log!B5:B404),25)))),"")} | E26: {=IFERROR(IF(SUMPRODUCT(LARGE((Log!B5:B404="Yielding")*ROW(Log!B5:B404),25))=0,"",INDEX(Log!F:F,SUMPRODUCT(LARGE((Log!B5:B404="Yielding")*ROW(Log!B5:B404),25)))),"")} | F26: {=IFERROR(IF(SUMPRODUCT(LARGE((Log!B5:B404="Yielding")*ROW(Log!B5:B404),25))=0,"",INDEX(Log!M:M,SUMPRODUCT(LARGE((Log!B5:B404="Yielding")*ROW(Log!B5:B404),25)))),"")} | G26: =IF(AND(ISNUMBER(F26),OR(C26="Heavy",C26="Test")),F26,"") | H26: =IF(AND(ISNUMBER(F26),C26="Volume"),F26,"") | I26: =IFERROR(IF(F26="","",D26/MAX($F$2:$F$51)*100),"") | L26: 25 | M26: {=IFERROR(IF(SUMPRODUCT(LARGE((Log!J5:J404<>"")*ROW(Log!J5:J404),25))=0,"",INDEX(Log!A:A,SUMPRODUCT(LARGE((Log!J5:J404<>"")*ROW(Log!J5:J404),25)))),"")} | N26: {=IFERROR(IF(SUMPRODUCT(LARGE((Log!J5:J404<>"")*ROW(Log!J5:J404),25))=0,"",INDEX(Log!J:J,SUMPRODUCT(LARGE((Log!J5:J404<>"")*ROW(Log!J5:J404),25)))),"")} | O26: =IFERROR(IF(COUNT(N26:N30)<3,"",AVERAGE(N26:N30)),"") | S26: =IF(AND(ISNUMBER(I26),OR(C26="Heavy",C26="Test")),I26,"") | T26: =IF(AND(ISNUMBER(I26),C26="Volume"),I26,"")
A27: 26 | B27: {=IFERROR(IF(SUMPRODUCT(LARGE((Log!B5:B404="Yielding")*ROW(Log!B5:B404),26))=0,"",INDEX(Log!A:A,SUMPRODUCT(LARGE((Log!B5:B404="Yielding")*ROW(Log!B5:B404),26)))),"")} | C27: {=IFERROR(IF(SUMPRODUCT(LARGE((Log!B5:B404="Yielding")*ROW(Log!B5:B404),26))=0,"",INDEX(Log!D:D,SUMPRODUCT(LARGE((Log!B5:B404="Yielding")*ROW(Log!B5:B404),26)))),"")} | D27: {=IFERROR(IF(SUMPRODUCT(LARGE((Log!B5:B404="Yielding")*ROW(Log!B5:B404),26))=0,"",INDEX(Log!E:E,SUMPRODUCT(LARGE((Log!B5:B404="Yielding")*ROW(Log!B5:B404),26)))),"")} | E27: {=IFERROR(IF(SUMPRODUCT(LARGE((Log!B5:B404="Yielding")*ROW(Log!B5:B404),26))=0,"",INDEX(Log!F:F,SUMPRODUCT(LARGE((Log!B5:B404="Yielding")*ROW(Log!B5:B404),26)))),"")} | F27: {=IFERROR(IF(SUMPRODUCT(LARGE((Log!B5:B404="Yielding")*ROW(Log!B5:B404),26))=0,"",INDEX(Log!M:M,SUMPRODUCT(LARGE((Log!B5:B404="Yielding")*ROW(Log!B5:B404),26)))),"")} | G27: =IF(AND(ISNUMBER(F27),OR(C27="Heavy",C27="Test")),F27,"") | H27: =IF(AND(ISNUMBER(F27),C27="Volume"),F27,"") | I27: =IFERROR(IF(F27="","",D27/MAX($F$2:$F$51)*100),"") | L27: 26 | M27: {=IFERROR(IF(SUMPRODUCT(LARGE((Log!J5:J404<>"")*ROW(Log!J5:J404),26))=0,"",INDEX(Log!A:A,SUMPRODUCT(LARGE((Log!J5:J404<>"")*ROW(Log!J5:J404),26)))),"")} | N27: {=IFERROR(IF(SUMPRODUCT(LARGE((Log!J5:J404<>"")*ROW(Log!J5:J404),26))=0,"",INDEX(Log!J:J,SUMPRODUCT(LARGE((Log!J5:J404<>"")*ROW(Log!J5:J404),26)))),"")} | O27: =IFERROR(IF(COUNT(N27:N31)<3,"",AVERAGE(N27:N31)),"") | S27: =IF(AND(ISNUMBER(I27),OR(C27="Heavy",C27="Test")),I27,"") | T27: =IF(AND(ISNUMBER(I27),C27="Volume"),I27,"")
A28: 27 | B28: {=IFERROR(IF(SUMPRODUCT(LARGE((Log!B5:B404="Yielding")*ROW(Log!B5:B404),27))=0,"",INDEX(Log!A:A,SUMPRODUCT(LARGE((Log!B5:B404="Yielding")*ROW(Log!B5:B404),27)))),"")} | C28: {=IFERROR(IF(SUMPRODUCT(LARGE((Log!B5:B404="Yielding")*ROW(Log!B5:B404),27))=0,"",INDEX(Log!D:D,SUMPRODUCT(LARGE((Log!B5:B404="Yielding")*ROW(Log!B5:B404),27)))),"")} | D28: {=IFERROR(IF(SUMPRODUCT(LARGE((Log!B5:B404="Yielding")*ROW(Log!B5:B404),27))=0,"",INDEX(Log!E:E,SUMPRODUCT(LARGE((Log!B5:B404="Yielding")*ROW(Log!B5:B404),27)))),"")} | E28: {=IFERROR(IF(SUMPRODUCT(LARGE((Log!B5:B404="Yielding")*ROW(Log!B5:B404),27))=0,"",INDEX(Log!F:F,SUMPRODUCT(LARGE((Log!B5:B404="Yielding")*ROW(Log!B5:B404),27)))),"")} | F28: {=IFERROR(IF(SUMPRODUCT(LARGE((Log!B5:B404="Yielding")*ROW(Log!B5:B404),27))=0,"",INDEX(Log!M:M,SUMPRODUCT(LARGE((Log!B5:B404="Yielding")*ROW(Log!B5:B404),27)))),"")} | G28: =IF(AND(ISNUMBER(F28),OR(C28="Heavy",C28="Test")),F28,"") | H28: =IF(AND(ISNUMBER(F28),C28="Volume"),F28,"") | I28: =IFERROR(IF(F28="","",D28/MAX($F$2:$F$51)*100),"") | L28: 27 | M28: {=IFERROR(IF(SUMPRODUCT(LARGE((Log!J5:J404<>"")*ROW(Log!J5:J404),27))=0,"",INDEX(Log!A:A,SUMPRODUCT(LARGE((Log!J5:J404<>"")*ROW(Log!J5:J404),27)))),"")} | N28: {=IFERROR(IF(SUMPRODUCT(LARGE((Log!J5:J404<>"")*ROW(Log!J5:J404),27))=0,"",INDEX(Log!J:J,SUMPRODUCT(LARGE((Log!J5:J404<>"")*ROW(Log!J5:J404),27)))),"")} | O28: =IFERROR(IF(COUNT(N28:N32)<3,"",AVERAGE(N28:N32)),"") | S28: =IF(AND(ISNUMBER(I28),OR(C28="Heavy",C28="Test")),I28,"") | T28: =IF(AND(ISNUMBER(I28),C28="Volume"),I28,"")
A29: 28 | B29: {=IFERROR(IF(SUMPRODUCT(LARGE((Log!B5:B404="Yielding")*ROW(Log!B5:B404),28))=0,"",INDEX(Log!A:A,SUMPRODUCT(LARGE((Log!B5:B404="Yielding")*ROW(Log!B5:B404),28)))),"")} | C29: {=IFERROR(IF(SUMPRODUCT(LARGE((Log!B5:B404="Yielding")*ROW(Log!B5:B404),28))=0,"",INDEX(Log!D:D,SUMPRODUCT(LARGE((Log!B5:B404="Yielding")*ROW(Log!B5:B404),28)))),"")} | D29: {=IFERROR(IF(SUMPRODUCT(LARGE((Log!B5:B404="Yielding")*ROW(Log!B5:B404),28))=0,"",INDEX(Log!E:E,SUMPRODUCT(LARGE((Log!B5:B404="Yielding")*ROW(Log!B5:B404),28)))),"")} | E29: {=IFERROR(IF(SUMPRODUCT(LARGE((Log!B5:B404="Yielding")*ROW(Log!B5:B404),28))=0,"",INDEX(Log!F:F,SUMPRODUCT(LARGE((Log!B5:B404="Yielding")*ROW(Log!B5:B404),28)))),"")} | F29: {=IFERROR(IF(SUMPRODUCT(LARGE((Log!B5:B404="Yielding")*ROW(Log!B5:B404),28))=0,"",INDEX(Log!M:M,SUMPRODUCT(LARGE((Log!B5:B404="Yielding")*ROW(Log!B5:B404),28)))),"")} | G29: =IF(AND(ISNUMBER(F29),OR(C29="Heavy",C29="Test")),F29,"") | H29: =IF(AND(ISNUMBER(F29),C29="Volume"),F29,"") | I29: =IFERROR(IF(F29="","",D29/MAX($F$2:$F$51)*100),"") | L29: 28 | M29: {=IFERROR(IF(SUMPRODUCT(LARGE((Log!J5:J404<>"")*ROW(Log!J5:J404),28))=0,"",INDEX(Log!A:A,SUMPRODUCT(LARGE((Log!J5:J404<>"")*ROW(Log!J5:J404),28)))),"")} | N29: {=IFERROR(IF(SUMPRODUCT(LARGE((Log!J5:J404<>"")*ROW(Log!J5:J404),28))=0,"",INDEX(Log!J:J,SUMPRODUCT(LARGE((Log!J5:J404<>"")*ROW(Log!J5:J404),28)))),"")} | O29: =IFERROR(IF(COUNT(N29:N33)<3,"",AVERAGE(N29:N33)),"") | S29: =IF(AND(ISNUMBER(I29),OR(C29="Heavy",C29="Test")),I29,"") | T29: =IF(AND(ISNUMBER(I29),C29="Volume"),I29,"")
A30: 29 | B30: {=IFERROR(IF(SUMPRODUCT(LARGE((Log!B5:B404="Yielding")*ROW(Log!B5:B404),29))=0,"",INDEX(Log!A:A,SUMPRODUCT(LARGE((Log!B5:B404="Yielding")*ROW(Log!B5:B404),29)))),"")} | C30: {=IFERROR(IF(SUMPRODUCT(LARGE((Log!B5:B404="Yielding")*ROW(Log!B5:B404),29))=0,"",INDEX(Log!D:D,SUMPRODUCT(LARGE((Log!B5:B404="Yielding")*ROW(Log!B5:B404),29)))),"")} | D30: {=IFERROR(IF(SUMPRODUCT(LARGE((Log!B5:B404="Yielding")*ROW(Log!B5:B404),29))=0,"",INDEX(Log!E:E,SUMPRODUCT(LARGE((Log!B5:B404="Yielding")*ROW(Log!B5:B404),29)))),"")} | E30: {=IFERROR(IF(SUMPRODUCT(LARGE((Log!B5:B404="Yielding")*ROW(Log!B5:B404),29))=0,"",INDEX(Log!F:F,SUMPRODUCT(LARGE((Log!B5:B404="Yielding")*ROW(Log!B5:B404),29)))),"")} | F30: {=IFERROR(IF(SUMPRODUCT(LARGE((Log!B5:B404="Yielding")*ROW(Log!B5:B404),29))=0,"",INDEX(Log!M:M,SUMPRODUCT(LARGE((Log!B5:B404="Yielding")*ROW(Log!B5:B404),29)))),"")} | G30: =IF(AND(ISNUMBER(F30),OR(C30="Heavy",C30="Test")),F30,"") | H30: =IF(AND(ISNUMBER(F30),C30="Volume"),F30,"") | I30: =IFERROR(IF(F30="","",D30/MAX($F$2:$F$51)*100),"") | L30: 29 | M30: {=IFERROR(IF(SUMPRODUCT(LARGE((Log!J5:J404<>"")*ROW(Log!J5:J404),29))=0,"",INDEX(Log!A:A,SUMPRODUCT(LARGE((Log!J5:J404<>"")*ROW(Log!J5:J404),29)))),"")} | N30: {=IFERROR(IF(SUMPRODUCT(LARGE((Log!J5:J404<>"")*ROW(Log!J5:J404),29))=0,"",INDEX(Log!J:J,SUMPRODUCT(LARGE((Log!J5:J404<>"")*ROW(Log!J5:J404),29)))),"")} | O30: =IFERROR(IF(COUNT(N30:N34)<3,"",AVERAGE(N30:N34)),"") | S30: =IF(AND(ISNUMBER(I30),OR(C30="Heavy",C30="Test")),I30,"") | T30: =IF(AND(ISNUMBER(I30),C30="Volume"),I30,"")
A31: 30 | B31: {=IFERROR(IF(SUMPRODUCT(LARGE((Log!B5:B404="Yielding")*ROW(Log!B5:B404),30))=0,"",INDEX(Log!A:A,SUMPRODUCT(LARGE((Log!B5:B404="Yielding")*ROW(Log!B5:B404),30)))),"")} | C31: {=IFERROR(IF(SUMPRODUCT(LARGE((Log!B5:B404="Yielding")*ROW(Log!B5:B404),30))=0,"",INDEX(Log!D:D,SUMPRODUCT(LARGE((Log!B5:B404="Yielding")*ROW(Log!B5:B404),30)))),"")} | D31: {=IFERROR(IF(SUMPRODUCT(LARGE((Log!B5:B404="Yielding")*ROW(Log!B5:B404),30))=0,"",INDEX(Log!E:E,SUMPRODUCT(LARGE((Log!B5:B404="Yielding")*ROW(Log!B5:B404),30)))),"")} | E31: {=IFERROR(IF(SUMPRODUCT(LARGE((Log!B5:B404="Yielding")*ROW(Log!B5:B404),30))=0,"",INDEX(Log!F:F,SUMPRODUCT(LARGE((Log!B5:B404="Yielding")*ROW(Log!B5:B404),30)))),"")} | F31: {=IFERROR(IF(SUMPRODUCT(LARGE((Log!B5:B404="Yielding")*ROW(Log!B5:B404),30))=0,"",INDEX(Log!M:M,SUMPRODUCT(LARGE((Log!B5:B404="Yielding")*ROW(Log!B5:B404),30)))),"")} | G31: =IF(AND(ISNUMBER(F31),OR(C31="Heavy",C31="Test")),F31,"") | H31: =IF(AND(ISNUMBER(F31),C31="Volume"),F31,"") | I31: =IFERROR(IF(F31="","",D31/MAX($F$2:$F$51)*100),"") | L31: 30 | M31: {=IFERROR(IF(SUMPRODUCT(LARGE((Log!J5:J404<>"")*ROW(Log!J5:J404),30))=0,"",INDEX(Log!A:A,SUMPRODUCT(LARGE((Log!J5:J404<>"")*ROW(Log!J5:J404),30)))),"")} | N31: {=IFERROR(IF(SUMPRODUCT(LARGE((Log!J5:J404<>"")*ROW(Log!J5:J404),30))=0,"",INDEX(Log!J:J,SUMPRODUCT(LARGE((Log!J5:J404<>"")*ROW(Log!J5:J404),30)))),"")} | O31: =IFERROR(IF(COUNT(N31:N35)<3,"",AVERAGE(N31:N35)),"") | S31: =IF(AND(ISNUMBER(I31),OR(C31="Heavy",C31="Test")),I31,"") | T31: =IF(AND(ISNUMBER(I31),C31="Volume"),I31,"")
A32: 31 | B32: {=IFERROR(IF(SUMPRODUCT(LARGE((Log!B5:B404="Yielding")*ROW(Log!B5:B404),31))=0,"",INDEX(Log!A:A,SUMPRODUCT(LARGE((Log!B5:B404="Yielding")*ROW(Log!B5:B404),31)))),"")} | C32: {=IFERROR(IF(SUMPRODUCT(LARGE((Log!B5:B404="Yielding")*ROW(Log!B5:B404),31))=0,"",INDEX(Log!D:D,SUMPRODUCT(LARGE((Log!B5:B404="Yielding")*ROW(Log!B5:B404),31)))),"")} | D32: {=IFERROR(IF(SUMPRODUCT(LARGE((Log!B5:B404="Yielding")*ROW(Log!B5:B404),31))=0,"",INDEX(Log!E:E,SUMPRODUCT(LARGE((Log!B5:B404="Yielding")*ROW(Log!B5:B404),31)))),"")} | E32: {=IFERROR(IF(SUMPRODUCT(LARGE((Log!B5:B404="Yielding")*ROW(Log!B5:B404),31))=0,"",INDEX(Log!F:F,SUMPRODUCT(LARGE((Log!B5:B404="Yielding")*ROW(Log!B5:B404),31)))),"")} | F32: {=IFERROR(IF(SUMPRODUCT(LARGE((Log!B5:B404="Yielding")*ROW(Log!B5:B404),31))=0,"",INDEX(Log!M:M,SUMPRODUCT(LARGE((Log!B5:B404="Yielding")*ROW(Log!B5:B404),31)))),"")} | G32: =IF(AND(ISNUMBER(F32),OR(C32="Heavy",C32="Test")),F32,"") | H32: =IF(AND(ISNUMBER(F32),C32="Volume"),F32,"") | I32: =IFERROR(IF(F32="","",D32/MAX($F$2:$F$51)*100),"") | L32: 31 | M32: {=IFERROR(IF(SUMPRODUCT(LARGE((Log!J5:J404<>"")*ROW(Log!J5:J404),31))=0,"",INDEX(Log!A:A,SUMPRODUCT(LARGE((Log!J5:J404<>"")*ROW(Log!J5:J404),31)))),"")} | N32: {=IFERROR(IF(SUMPRODUCT(LARGE((Log!J5:J404<>"")*ROW(Log!J5:J404),31))=0,"",INDEX(Log!J:J,SUMPRODUCT(LARGE((Log!J5:J404<>"")*ROW(Log!J5:J404),31)))),"")} | O32: =IFERROR(IF(COUNT(N32:N36)<3,"",AVERAGE(N32:N36)),"") | S32: =IF(AND(ISNUMBER(I32),OR(C32="Heavy",C32="Test")),I32,"") | T32: =IF(AND(ISNUMBER(I32),C32="Volume"),I32,"")
A33: 32 | B33: {=IFERROR(IF(SUMPRODUCT(LARGE((Log!B5:B404="Yielding")*ROW(Log!B5:B404),32))=0,"",INDEX(Log!A:A,SUMPRODUCT(LARGE((Log!B5:B404="Yielding")*ROW(Log!B5:B404),32)))),"")} | C33: {=IFERROR(IF(SUMPRODUCT(LARGE((Log!B5:B404="Yielding")*ROW(Log!B5:B404),32))=0,"",INDEX(Log!D:D,SUMPRODUCT(LARGE((Log!B5:B404="Yielding")*ROW(Log!B5:B404),32)))),"")} | D33: {=IFERROR(IF(SUMPRODUCT(LARGE((Log!B5:B404="Yielding")*ROW(Log!B5:B404),32))=0,"",INDEX(Log!E:E,SUMPRODUCT(LARGE((Log!B5:B404="Yielding")*ROW(Log!B5:B404),32)))),"")} | E33: {=IFERROR(IF(SUMPRODUCT(LARGE((Log!B5:B404="Yielding")*ROW(Log!B5:B404),32))=0,"",INDEX(Log!F:F,SUMPRODUCT(LARGE((Log!B5:B404="Yielding")*ROW(Log!B5:B404),32)))),"")} | F33: {=IFERROR(IF(SUMPRODUCT(LARGE((Log!B5:B404="Yielding")*ROW(Log!B5:B404),32))=0,"",INDEX(Log!M:M,SUMPRODUCT(LARGE((Log!B5:B404="Yielding")*ROW(Log!B5:B404),32)))),"")} | G33: =IF(AND(ISNUMBER(F33),OR(C33="Heavy",C33="Test")),F33,"") | H33: =IF(AND(ISNUMBER(F33),C33="Volume"),F33,"") | I33: =IFERROR(IF(F33="","",D33/MAX($F$2:$F$51)*100),"") | L33: 32 | M33: {=IFERROR(IF(SUMPRODUCT(LARGE((Log!J5:J404<>"")*ROW(Log!J5:J404),32))=0,"",INDEX(Log!A:A,SUMPRODUCT(LARGE((Log!J5:J404<>"")*ROW(Log!J5:J404),32)))),"")} | N33: {=IFERROR(IF(SUMPRODUCT(LARGE((Log!J5:J404<>"")*ROW(Log!J5:J404),32))=0,"",INDEX(Log!J:J,SUMPRODUCT(LARGE((Log!J5:J404<>"")*ROW(Log!J5:J404),32)))),"")} | O33: =IFERROR(IF(COUNT(N33:N37)<3,"",AVERAGE(N33:N37)),"") | S33: =IF(AND(ISNUMBER(I33),OR(C33="Heavy",C33="Test")),I33,"") | T33: =IF(AND(ISNUMBER(I33),C33="Volume"),I33,"")
A34: 33 | B34: {=IFERROR(IF(SUMPRODUCT(LARGE((Log!B5:B404="Yielding")*ROW(Log!B5:B404),33))=0,"",INDEX(Log!A:A,SUMPRODUCT(LARGE((Log!B5:B404="Yielding")*ROW(Log!B5:B404),33)))),"")} | C34: {=IFERROR(IF(SUMPRODUCT(LARGE((Log!B5:B404="Yielding")*ROW(Log!B5:B404),33))=0,"",INDEX(Log!D:D,SUMPRODUCT(LARGE((Log!B5:B404="Yielding")*ROW(Log!B5:B404),33)))),"")} | D34: {=IFERROR(IF(SUMPRODUCT(LARGE((Log!B5:B404="Yielding")*ROW(Log!B5:B404),33))=0,"",INDEX(Log!E:E,SUMPRODUCT(LARGE((Log!B5:B404="Yielding")*ROW(Log!B5:B404),33)))),"")} | E34: {=IFERROR(IF(SUMPRODUCT(LARGE((Log!B5:B404="Yielding")*ROW(Log!B5:B404),33))=0,"",INDEX(Log!F:F,SUMPRODUCT(LARGE((Log!B5:B404="Yielding")*ROW(Log!B5:B404),33)))),"")} | F34: {=IFERROR(IF(SUMPRODUCT(LARGE((Log!B5:B404="Yielding")*ROW(Log!B5:B404),33))=0,"",INDEX(Log!M:M,SUMPRODUCT(LARGE((Log!B5:B404="Yielding")*ROW(Log!B5:B404),33)))),"")} | G34: =IF(AND(ISNUMBER(F34),OR(C34="Heavy",C34="Test")),F34,"") | H34: =IF(AND(ISNUMBER(F34),C34="Volume"),F34,"") | I34: =IFERROR(IF(F34="","",D34/MAX($F$2:$F$51)*100),"") | L34: 33 | M34: {=IFERROR(IF(SUMPRODUCT(LARGE((Log!J5:J404<>"")*ROW(Log!J5:J404),33))=0,"",INDEX(Log!A:A,SUMPRODUCT(LARGE((Log!J5:J404<>"")*ROW(Log!J5:J404),33)))),"")} | N34: {=IFERROR(IF(SUMPRODUCT(LARGE((Log!J5:J404<>"")*ROW(Log!J5:J404),33))=0,"",INDEX(Log!J:J,SUMPRODUCT(LARGE((Log!J5:J404<>"")*ROW(Log!J5:J404),33)))),"")} | O34: =IFERROR(IF(COUNT(N34:N38)<3,"",AVERAGE(N34:N38)),"") | S34: =IF(AND(ISNUMBER(I34),OR(C34="Heavy",C34="Test")),I34,"") | T34: =IF(AND(ISNUMBER(I34),C34="Volume"),I34,"")
A35: 34 | B35: {=IFERROR(IF(SUMPRODUCT(LARGE((Log!B5:B404="Yielding")*ROW(Log!B5:B404),34))=0,"",INDEX(Log!A:A,SUMPRODUCT(LARGE((Log!B5:B404="Yielding")*ROW(Log!B5:B404),34)))),"")} | C35: {=IFERROR(IF(SUMPRODUCT(LARGE((Log!B5:B404="Yielding")*ROW(Log!B5:B404),34))=0,"",INDEX(Log!D:D,SUMPRODUCT(LARGE((Log!B5:B404="Yielding")*ROW(Log!B5:B404),34)))),"")} | D35: {=IFERROR(IF(SUMPRODUCT(LARGE((Log!B5:B404="Yielding")*ROW(Log!B5:B404),34))=0,"",INDEX(Log!E:E,SUMPRODUCT(LARGE((Log!B5:B404="Yielding")*ROW(Log!B5:B404),34)))),"")} | E35: {=IFERROR(IF(SUMPRODUCT(LARGE((Log!B5:B404="Yielding")*ROW(Log!B5:B404),34))=0,"",INDEX(Log!F:F,SUMPRODUCT(LARGE((Log!B5:B404="Yielding")*ROW(Log!B5:B404),34)))),"")} | F35: {=IFERROR(IF(SUMPRODUCT(LARGE((Log!B5:B404="Yielding")*ROW(Log!B5:B404),34))=0,"",INDEX(Log!M:M,SUMPRODUCT(LARGE((Log!B5:B404="Yielding")*ROW(Log!B5:B404),34)))),"")} | G35: =IF(AND(ISNUMBER(F35),OR(C35="Heavy",C35="Test")),F35,"") | H35: =IF(AND(ISNUMBER(F35),C35="Volume"),F35,"") | I35: =IFERROR(IF(F35="","",D35/MAX($F$2:$F$51)*100),"") | L35: 34 | M35: {=IFERROR(IF(SUMPRODUCT(LARGE((Log!J5:J404<>"")*ROW(Log!J5:J404),34))=0,"",INDEX(Log!A:A,SUMPRODUCT(LARGE((Log!J5:J404<>"")*ROW(Log!J5:J404),34)))),"")} | N35: {=IFERROR(IF(SUMPRODUCT(LARGE((Log!J5:J404<>"")*ROW(Log!J5:J404),34))=0,"",INDEX(Log!J:J,SUMPRODUCT(LARGE((Log!J5:J404<>"")*ROW(Log!J5:J404),34)))),"")} | O35: =IFERROR(IF(COUNT(N35:N39)<3,"",AVERAGE(N35:N39)),"") | S35: =IF(AND(ISNUMBER(I35),OR(C35="Heavy",C35="Test")),I35,"") | T35: =IF(AND(ISNUMBER(I35),C35="Volume"),I35,"")
A36: 35 | B36: {=IFERROR(IF(SUMPRODUCT(LARGE((Log!B5:B404="Yielding")*ROW(Log!B5:B404),35))=0,"",INDEX(Log!A:A,SUMPRODUCT(LARGE((Log!B5:B404="Yielding")*ROW(Log!B5:B404),35)))),"")} | C36: {=IFERROR(IF(SUMPRODUCT(LARGE((Log!B5:B404="Yielding")*ROW(Log!B5:B404),35))=0,"",INDEX(Log!D:D,SUMPRODUCT(LARGE((Log!B5:B404="Yielding")*ROW(Log!B5:B404),35)))),"")} | D36: {=IFERROR(IF(SUMPRODUCT(LARGE((Log!B5:B404="Yielding")*ROW(Log!B5:B404),35))=0,"",INDEX(Log!E:E,SUMPRODUCT(LARGE((Log!B5:B404="Yielding")*ROW(Log!B5:B404),35)))),"")} | E36: {=IFERROR(IF(SUMPRODUCT(LARGE((Log!B5:B404="Yielding")*ROW(Log!B5:B404),35))=0,"",INDEX(Log!F:F,SUMPRODUCT(LARGE((Log!B5:B404="Yielding")*ROW(Log!B5:B404),35)))),"")} | F36: {=IFERROR(IF(SUMPRODUCT(LARGE((Log!B5:B404="Yielding")*ROW(Log!B5:B404),35))=0,"",INDEX(Log!M:M,SUMPRODUCT(LARGE((Log!B5:B404="Yielding")*ROW(Log!B5:B404),35)))),"")} | G36: =IF(AND(ISNUMBER(F36),OR(C36="Heavy",C36="Test")),F36,"") | H36: =IF(AND(ISNUMBER(F36),C36="Volume"),F36,"") | I36: =IFERROR(IF(F36="","",D36/MAX($F$2:$F$51)*100),"") | L36: 35 | M36: {=IFERROR(IF(SUMPRODUCT(LARGE((Log!J5:J404<>"")*ROW(Log!J5:J404),35))=0,"",INDEX(Log!A:A,SUMPRODUCT(LARGE((Log!J5:J404<>"")*ROW(Log!J5:J404),35)))),"")} | N36: {=IFERROR(IF(SUMPRODUCT(LARGE((Log!J5:J404<>"")*ROW(Log!J5:J404),35))=0,"",INDEX(Log!J:J,SUMPRODUCT(LARGE((Log!J5:J404<>"")*ROW(Log!J5:J404),35)))),"")} | O36: =IFERROR(IF(COUNT(N36:N40)<3,"",AVERAGE(N36:N40)),"") | S36: =IF(AND(ISNUMBER(I36),OR(C36="Heavy",C36="Test")),I36,"") | T36: =IF(AND(ISNUMBER(I36),C36="Volume"),I36,"")
A37: 36 | B37: {=IFERROR(IF(SUMPRODUCT(LARGE((Log!B5:B404="Yielding")*ROW(Log!B5:B404),36))=0,"",INDEX(Log!A:A,SUMPRODUCT(LARGE((Log!B5:B404="Yielding")*ROW(Log!B5:B404),36)))),"")} | C37: {=IFERROR(IF(SUMPRODUCT(LARGE((Log!B5:B404="Yielding")*ROW(Log!B5:B404),36))=0,"",INDEX(Log!D:D,SUMPRODUCT(LARGE((Log!B5:B404="Yielding")*ROW(Log!B5:B404),36)))),"")} | D37: {=IFERROR(IF(SUMPRODUCT(LARGE((Log!B5:B404="Yielding")*ROW(Log!B5:B404),36))=0,"",INDEX(Log!E:E,SUMPRODUCT(LARGE((Log!B5:B404="Yielding")*ROW(Log!B5:B404),36)))),"")} | E37: {=IFERROR(IF(SUMPRODUCT(LARGE((Log!B5:B404="Yielding")*ROW(Log!B5:B404),36))=0,"",INDEX(Log!F:F,SUMPRODUCT(LARGE((Log!B5:B404="Yielding")*ROW(Log!B5:B404),36)))),"")} | F37: {=IFERROR(IF(SUMPRODUCT(LARGE((Log!B5:B404="Yielding")*ROW(Log!B5:B404),36))=0,"",INDEX(Log!M:M,SUMPRODUCT(LARGE((Log!B5:B404="Yielding")*ROW(Log!B5:B404),36)))),"")} | G37: =IF(AND(ISNUMBER(F37),OR(C37="Heavy",C37="Test")),F37,"") | H37: =IF(AND(ISNUMBER(F37),C37="Volume"),F37,"") | I37: =IFERROR(IF(F37="","",D37/MAX($F$2:$F$51)*100),"") | L37: 36 | M37: {=IFERROR(IF(SUMPRODUCT(LARGE((Log!J5:J404<>"")*ROW(Log!J5:J404),36))=0,"",INDEX(Log!A:A,SUMPRODUCT(LARGE((Log!J5:J404<>"")*ROW(Log!J5:J404),36)))),"")} | N37: {=IFERROR(IF(SUMPRODUCT(LARGE((Log!J5:J404<>"")*ROW(Log!J5:J404),36))=0,"",INDEX(Log!J:J,SUMPRODUCT(LARGE((Log!J5:J404<>"")*ROW(Log!J5:J404),36)))),"")} | O37: =IFERROR(IF(COUNT(N37:N41)<3,"",AVERAGE(N37:N41)),"") | S37: =IF(AND(ISNUMBER(I37),OR(C37="Heavy",C37="Test")),I37,"") | T37: =IF(AND(ISNUMBER(I37),C37="Volume"),I37,"")
A38: 37 | B38: {=IFERROR(IF(SUMPRODUCT(LARGE((Log!B5:B404="Yielding")*ROW(Log!B5:B404),37))=0,"",INDEX(Log!A:A,SUMPRODUCT(LARGE((Log!B5:B404="Yielding")*ROW(Log!B5:B404),37)))),"")} | C38: {=IFERROR(IF(SUMPRODUCT(LARGE((Log!B5:B404="Yielding")*ROW(Log!B5:B404),37))=0,"",INDEX(Log!D:D,SUMPRODUCT(LARGE((Log!B5:B404="Yielding")*ROW(Log!B5:B404),37)))),"")} | D38: {=IFERROR(IF(SUMPRODUCT(LARGE((Log!B5:B404="Yielding")*ROW(Log!B5:B404),37))=0,"",INDEX(Log!E:E,SUMPRODUCT(LARGE((Log!B5:B404="Yielding")*ROW(Log!B5:B404),37)))),"")} | E38: {=IFERROR(IF(SUMPRODUCT(LARGE((Log!B5:B404="Yielding")*ROW(Log!B5:B404),37))=0,"",INDEX(Log!F:F,SUMPRODUCT(LARGE((Log!B5:B404="Yielding")*ROW(Log!B5:B404),37)))),"")} | F38: {=IFERROR(IF(SUMPRODUCT(LARGE((Log!B5:B404="Yielding")*ROW(Log!B5:B404),37))=0,"",INDEX(Log!M:M,SUMPRODUCT(LARGE((Log!B5:B404="Yielding")*ROW(Log!B5:B404),37)))),"")} | G38: =IF(AND(ISNUMBER(F38),OR(C38="Heavy",C38="Test")),F38,"") | H38: =IF(AND(ISNUMBER(F38),C38="Volume"),F38,"") | I38: =IFERROR(IF(F38="","",D38/MAX($F$2:$F$51)*100),"") | L38: 37 | M38: {=IFERROR(IF(SUMPRODUCT(LARGE((Log!J5:J404<>"")*ROW(Log!J5:J404),37))=0,"",INDEX(Log!A:A,SUMPRODUCT(LARGE((Log!J5:J404<>"")*ROW(Log!J5:J404),37)))),"")} | N38: {=IFERROR(IF(SUMPRODUCT(LARGE((Log!J5:J404<>"")*ROW(Log!J5:J404),37))=0,"",INDEX(Log!J:J,SUMPRODUCT(LARGE((Log!J5:J404<>"")*ROW(Log!J5:J404),37)))),"")} | O38: =IFERROR(IF(COUNT(N38:N42)<3,"",AVERAGE(N38:N42)),"") | S38: =IF(AND(ISNUMBER(I38),OR(C38="Heavy",C38="Test")),I38,"") | T38: =IF(AND(ISNUMBER(I38),C38="Volume"),I38,"")
A39: 38 | B39: {=IFERROR(IF(SUMPRODUCT(LARGE((Log!B5:B404="Yielding")*ROW(Log!B5:B404),38))=0,"",INDEX(Log!A:A,SUMPRODUCT(LARGE((Log!B5:B404="Yielding")*ROW(Log!B5:B404),38)))),"")} | C39: {=IFERROR(IF(SUMPRODUCT(LARGE((Log!B5:B404="Yielding")*ROW(Log!B5:B404),38))=0,"",INDEX(Log!D:D,SUMPRODUCT(LARGE((Log!B5:B404="Yielding")*ROW(Log!B5:B404),38)))),"")} | D39: {=IFERROR(IF(SUMPRODUCT(LARGE((Log!B5:B404="Yielding")*ROW(Log!B5:B404),38))=0,"",INDEX(Log!E:E,SUMPRODUCT(LARGE((Log!B5:B404="Yielding")*ROW(Log!B5:B404),38)))),"")} | E39: {=IFERROR(IF(SUMPRODUCT(LARGE((Log!B5:B404="Yielding")*ROW(Log!B5:B404),38))=0,"",INDEX(Log!F:F,SUMPRODUCT(LARGE((Log!B5:B404="Yielding")*ROW(Log!B5:B404),38)))),"")} | F39: {=IFERROR(IF(SUMPRODUCT(LARGE((Log!B5:B404="Yielding")*ROW(Log!B5:B404),38))=0,"",INDEX(Log!M:M,SUMPRODUCT(LARGE((Log!B5:B404="Yielding")*ROW(Log!B5:B404),38)))),"")} | G39: =IF(AND(ISNUMBER(F39),OR(C39="Heavy",C39="Test")),F39,"") | H39: =IF(AND(ISNUMBER(F39),C39="Volume"),F39,"") | I39: =IFERROR(IF(F39="","",D39/MAX($F$2:$F$51)*100),"") | L39: 38 | M39: {=IFERROR(IF(SUMPRODUCT(LARGE((Log!J5:J404<>"")*ROW(Log!J5:J404),38))=0,"",INDEX(Log!A:A,SUMPRODUCT(LARGE((Log!J5:J404<>"")*ROW(Log!J5:J404),38)))),"")} | N39: {=IFERROR(IF(SUMPRODUCT(LARGE((Log!J5:J404<>"")*ROW(Log!J5:J404),38))=0,"",INDEX(Log!J:J,SUMPRODUCT(LARGE((Log!J5:J404<>"")*ROW(Log!J5:J404),38)))),"")} | O39: =IFERROR(IF(COUNT(N39:N43)<3,"",AVERAGE(N39:N43)),"") | S39: =IF(AND(ISNUMBER(I39),OR(C39="Heavy",C39="Test")),I39,"") | T39: =IF(AND(ISNUMBER(I39),C39="Volume"),I39,"")
A40: 39 | B40: {=IFERROR(IF(SUMPRODUCT(LARGE((Log!B5:B404="Yielding")*ROW(Log!B5:B404),39))=0,"",INDEX(Log!A:A,SUMPRODUCT(LARGE((Log!B5:B404="Yielding")*ROW(Log!B5:B404),39)))),"")} | C40: {=IFERROR(IF(SUMPRODUCT(LARGE((Log!B5:B404="Yielding")*ROW(Log!B5:B404),39))=0,"",INDEX(Log!D:D,SUMPRODUCT(LARGE((Log!B5:B404="Yielding")*ROW(Log!B5:B404),39)))),"")} | D40: {=IFERROR(IF(SUMPRODUCT(LARGE((Log!B5:B404="Yielding")*ROW(Log!B5:B404),39))=0,"",INDEX(Log!E:E,SUMPRODUCT(LARGE((Log!B5:B404="Yielding")*ROW(Log!B5:B404),39)))),"")} | E40: {=IFERROR(IF(SUMPRODUCT(LARGE((Log!B5:B404="Yielding")*ROW(Log!B5:B404),39))=0,"",INDEX(Log!F:F,SUMPRODUCT(LARGE((Log!B5:B404="Yielding")*ROW(Log!B5:B404),39)))),"")} | F40: {=IFERROR(IF(SUMPRODUCT(LARGE((Log!B5:B404="Yielding")*ROW(Log!B5:B404),39))=0,"",INDEX(Log!M:M,SUMPRODUCT(LARGE((Log!B5:B404="Yielding")*ROW(Log!B5:B404),39)))),"")} | G40: =IF(AND(ISNUMBER(F40),OR(C40="Heavy",C40="Test")),F40,"") | H40: =IF(AND(ISNUMBER(F40),C40="Volume"),F40,"") | I40: =IFERROR(IF(F40="","",D40/MAX($F$2:$F$51)*100),"") | L40: 39 | M40: {=IFERROR(IF(SUMPRODUCT(LARGE((Log!J5:J404<>"")*ROW(Log!J5:J404),39))=0,"",INDEX(Log!A:A,SUMPRODUCT(LARGE((Log!J5:J404<>"")*ROW(Log!J5:J404),39)))),"")} | N40: {=IFERROR(IF(SUMPRODUCT(LARGE((Log!J5:J404<>"")*ROW(Log!J5:J404),39))=0,"",INDEX(Log!J:J,SUMPRODUCT(LARGE((Log!J5:J404<>"")*ROW(Log!J5:J404),39)))),"")} | O40: =IFERROR(IF(COUNT(N40:N44)<3,"",AVERAGE(N40:N44)),"") | S40: =IF(AND(ISNUMBER(I40),OR(C40="Heavy",C40="Test")),I40,"") | T40: =IF(AND(ISNUMBER(I40),C40="Volume"),I40,"")
A41: 40 | B41: {=IFERROR(IF(SUMPRODUCT(LARGE((Log!B5:B404="Yielding")*ROW(Log!B5:B404),40))=0,"",INDEX(Log!A:A,SUMPRODUCT(LARGE((Log!B5:B404="Yielding")*ROW(Log!B5:B404),40)))),"")} | C41: {=IFERROR(IF(SUMPRODUCT(LARGE((Log!B5:B404="Yielding")*ROW(Log!B5:B404),40))=0,"",INDEX(Log!D:D,SUMPRODUCT(LARGE((Log!B5:B404="Yielding")*ROW(Log!B5:B404),40)))),"")} | D41: {=IFERROR(IF(SUMPRODUCT(LARGE((Log!B5:B404="Yielding")*ROW(Log!B5:B404),40))=0,"",INDEX(Log!E:E,SUMPRODUCT(LARGE((Log!B5:B404="Yielding")*ROW(Log!B5:B404),40)))),"")} | E41: {=IFERROR(IF(SUMPRODUCT(LARGE((Log!B5:B404="Yielding")*ROW(Log!B5:B404),40))=0,"",INDEX(Log!F:F,SUMPRODUCT(LARGE((Log!B5:B404="Yielding")*ROW(Log!B5:B404),40)))),"")} | F41: {=IFERROR(IF(SUMPRODUCT(LARGE((Log!B5:B404="Yielding")*ROW(Log!B5:B404),40))=0,"",INDEX(Log!M:M,SUMPRODUCT(LARGE((Log!B5:B404="Yielding")*ROW(Log!B5:B404),40)))),"")} | G41: =IF(AND(ISNUMBER(F41),OR(C41="Heavy",C41="Test")),F41,"") | H41: =IF(AND(ISNUMBER(F41),C41="Volume"),F41,"") | I41: =IFERROR(IF(F41="","",D41/MAX($F$2:$F$51)*100),"") | L41: 40 | M41: {=IFERROR(IF(SUMPRODUCT(LARGE((Log!J5:J404<>"")*ROW(Log!J5:J404),40))=0,"",INDEX(Log!A:A,SUMPRODUCT(LARGE((Log!J5:J404<>"")*ROW(Log!J5:J404),40)))),"")} | N41: {=IFERROR(IF(SUMPRODUCT(LARGE((Log!J5:J404<>"")*ROW(Log!J5:J404),40))=0,"",INDEX(Log!J:J,SUMPRODUCT(LARGE((Log!J5:J404<>"")*ROW(Log!J5:J404),40)))),"")} | O41: =IFERROR(IF(COUNT(N41:N45)<3,"",AVERAGE(N41:N45)),"") | S41: =IF(AND(ISNUMBER(I41),OR(C41="Heavy",C41="Test")),I41,"") | T41: =IF(AND(ISNUMBER(I41),C41="Volume"),I41,"")
A42: 41 | B42: {=IFERROR(IF(SUMPRODUCT(LARGE((Log!B5:B404="Yielding")*ROW(Log!B5:B404),41))=0,"",INDEX(Log!A:A,SUMPRODUCT(LARGE((Log!B5:B404="Yielding")*ROW(Log!B5:B404),41)))),"")} | C42: {=IFERROR(IF(SUMPRODUCT(LARGE((Log!B5:B404="Yielding")*ROW(Log!B5:B404),41))=0,"",INDEX(Log!D:D,SUMPRODUCT(LARGE((Log!B5:B404="Yielding")*ROW(Log!B5:B404),41)))),"")} | D42: {=IFERROR(IF(SUMPRODUCT(LARGE((Log!B5:B404="Yielding")*ROW(Log!B5:B404),41))=0,"",INDEX(Log!E:E,SUMPRODUCT(LARGE((Log!B5:B404="Yielding")*ROW(Log!B5:B404),41)))),"")} | E42: {=IFERROR(IF(SUMPRODUCT(LARGE((Log!B5:B404="Yielding")*ROW(Log!B5:B404),41))=0,"",INDEX(Log!F:F,SUMPRODUCT(LARGE((Log!B5:B404="Yielding")*ROW(Log!B5:B404),41)))),"")} | F42: {=IFERROR(IF(SUMPRODUCT(LARGE((Log!B5:B404="Yielding")*ROW(Log!B5:B404),41))=0,"",INDEX(Log!M:M,SUMPRODUCT(LARGE((Log!B5:B404="Yielding")*ROW(Log!B5:B404),41)))),"")} | G42: =IF(AND(ISNUMBER(F42),OR(C42="Heavy",C42="Test")),F42,"") | H42: =IF(AND(ISNUMBER(F42),C42="Volume"),F42,"") | I42: =IFERROR(IF(F42="","",D42/MAX($F$2:$F$51)*100),"") | L42: 41 | M42: {=IFERROR(IF(SUMPRODUCT(LARGE((Log!J5:J404<>"")*ROW(Log!J5:J404),41))=0,"",INDEX(Log!A:A,SUMPRODUCT(LARGE((Log!J5:J404<>"")*ROW(Log!J5:J404),41)))),"")} | N42: {=IFERROR(IF(SUMPRODUCT(LARGE((Log!J5:J404<>"")*ROW(Log!J5:J404),41))=0,"",INDEX(Log!J:J,SUMPRODUCT(LARGE((Log!J5:J404<>"")*ROW(Log!J5:J404),41)))),"")} | O42: =IFERROR(IF(COUNT(N42:N46)<3,"",AVERAGE(N42:N46)),"") | S42: =IF(AND(ISNUMBER(I42),OR(C42="Heavy",C42="Test")),I42,"") | T42: =IF(AND(ISNUMBER(I42),C42="Volume"),I42,"")
A43: 42 | B43: {=IFERROR(IF(SUMPRODUCT(LARGE((Log!B5:B404="Yielding")*ROW(Log!B5:B404),42))=0,"",INDEX(Log!A:A,SUMPRODUCT(LARGE((Log!B5:B404="Yielding")*ROW(Log!B5:B404),42)))),"")} | C43: {=IFERROR(IF(SUMPRODUCT(LARGE((Log!B5:B404="Yielding")*ROW(Log!B5:B404),42))=0,"",INDEX(Log!D:D,SUMPRODUCT(LARGE((Log!B5:B404="Yielding")*ROW(Log!B5:B404),42)))),"")} | D43: {=IFERROR(IF(SUMPRODUCT(LARGE((Log!B5:B404="Yielding")*ROW(Log!B5:B404),42))=0,"",INDEX(Log!E:E,SUMPRODUCT(LARGE((Log!B5:B404="Yielding")*ROW(Log!B5:B404),42)))),"")} | E43: {=IFERROR(IF(SUMPRODUCT(LARGE((Log!B5:B404="Yielding")*ROW(Log!B5:B404),42))=0,"",INDEX(Log!F:F,SUMPRODUCT(LARGE((Log!B5:B404="Yielding")*ROW(Log!B5:B404),42)))),"")} | F43: {=IFERROR(IF(SUMPRODUCT(LARGE((Log!B5:B404="Yielding")*ROW(Log!B5:B404),42))=0,"",INDEX(Log!M:M,SUMPRODUCT(LARGE((Log!B5:B404="Yielding")*ROW(Log!B5:B404),42)))),"")} | G43: =IF(AND(ISNUMBER(F43),OR(C43="Heavy",C43="Test")),F43,"") | H43: =IF(AND(ISNUMBER(F43),C43="Volume"),F43,"") | I43: =IFERROR(IF(F43="","",D43/MAX($F$2:$F$51)*100),"") | L43: 42 | M43: {=IFERROR(IF(SUMPRODUCT(LARGE((Log!J5:J404<>"")*ROW(Log!J5:J404),42))=0,"",INDEX(Log!A:A,SUMPRODUCT(LARGE((Log!J5:J404<>"")*ROW(Log!J5:J404),42)))),"")} | N43: {=IFERROR(IF(SUMPRODUCT(LARGE((Log!J5:J404<>"")*ROW(Log!J5:J404),42))=0,"",INDEX(Log!J:J,SUMPRODUCT(LARGE((Log!J5:J404<>"")*ROW(Log!J5:J404),42)))),"")} | O43: =IFERROR(IF(COUNT(N43:N47)<3,"",AVERAGE(N43:N47)),"") | S43: =IF(AND(ISNUMBER(I43),OR(C43="Heavy",C43="Test")),I43,"") | T43: =IF(AND(ISNUMBER(I43),C43="Volume"),I43,"")
A44: 43 | B44: {=IFERROR(IF(SUMPRODUCT(LARGE((Log!B5:B404="Yielding")*ROW(Log!B5:B404),43))=0,"",INDEX(Log!A:A,SUMPRODUCT(LARGE((Log!B5:B404="Yielding")*ROW(Log!B5:B404),43)))),"")} | C44: {=IFERROR(IF(SUMPRODUCT(LARGE((Log!B5:B404="Yielding")*ROW(Log!B5:B404),43))=0,"",INDEX(Log!D:D,SUMPRODUCT(LARGE((Log!B5:B404="Yielding")*ROW(Log!B5:B404),43)))),"")} | D44: {=IFERROR(IF(SUMPRODUCT(LARGE((Log!B5:B404="Yielding")*ROW(Log!B5:B404),43))=0,"",INDEX(Log!E:E,SUMPRODUCT(LARGE((Log!B5:B404="Yielding")*ROW(Log!B5:B404),43)))),"")} | E44: {=IFERROR(IF(SUMPRODUCT(LARGE((Log!B5:B404="Yielding")*ROW(Log!B5:B404),43))=0,"",INDEX(Log!F:F,SUMPRODUCT(LARGE((Log!B5:B404="Yielding")*ROW(Log!B5:B404),43)))),"")} | F44: {=IFERROR(IF(SUMPRODUCT(LARGE((Log!B5:B404="Yielding")*ROW(Log!B5:B404),43))=0,"",INDEX(Log!M:M,SUMPRODUCT(LARGE((Log!B5:B404="Yielding")*ROW(Log!B5:B404),43)))),"")} | G44: =IF(AND(ISNUMBER(F44),OR(C44="Heavy",C44="Test")),F44,"") | H44: =IF(AND(ISNUMBER(F44),C44="Volume"),F44,"") | I44: =IFERROR(IF(F44="","",D44/MAX($F$2:$F$51)*100),"") | L44: 43 | M44: {=IFERROR(IF(SUMPRODUCT(LARGE((Log!J5:J404<>"")*ROW(Log!J5:J404),43))=0,"",INDEX(Log!A:A,SUMPRODUCT(LARGE((Log!J5:J404<>"")*ROW(Log!J5:J404),43)))),"")} | N44: {=IFERROR(IF(SUMPRODUCT(LARGE((Log!J5:J404<>"")*ROW(Log!J5:J404),43))=0,"",INDEX(Log!J:J,SUMPRODUCT(LARGE((Log!J5:J404<>"")*ROW(Log!J5:J404),43)))),"")} | O44: =IFERROR(IF(COUNT(N44:N48)<3,"",AVERAGE(N44:N48)),"") | S44: =IF(AND(ISNUMBER(I44),OR(C44="Heavy",C44="Test")),I44,"") | T44: =IF(AND(ISNUMBER(I44),C44="Volume"),I44,"")
A45: 44 | B45: {=IFERROR(IF(SUMPRODUCT(LARGE((Log!B5:B404="Yielding")*ROW(Log!B5:B404),44))=0,"",INDEX(Log!A:A,SUMPRODUCT(LARGE((Log!B5:B404="Yielding")*ROW(Log!B5:B404),44)))),"")} | C45: {=IFERROR(IF(SUMPRODUCT(LARGE((Log!B5:B404="Yielding")*ROW(Log!B5:B404),44))=0,"",INDEX(Log!D:D,SUMPRODUCT(LARGE((Log!B5:B404="Yielding")*ROW(Log!B5:B404),44)))),"")} | D45: {=IFERROR(IF(SUMPRODUCT(LARGE((Log!B5:B404="Yielding")*ROW(Log!B5:B404),44))=0,"",INDEX(Log!E:E,SUMPRODUCT(LARGE((Log!B5:B404="Yielding")*ROW(Log!B5:B404),44)))),"")} | E45: {=IFERROR(IF(SUMPRODUCT(LARGE((Log!B5:B404="Yielding")*ROW(Log!B5:B404),44))=0,"",INDEX(Log!F:F,SUMPRODUCT(LARGE((Log!B5:B404="Yielding")*ROW(Log!B5:B404),44)))),"")} | F45: {=IFERROR(IF(SUMPRODUCT(LARGE((Log!B5:B404="Yielding")*ROW(Log!B5:B404),44))=0,"",INDEX(Log!M:M,SUMPRODUCT(LARGE((Log!B5:B404="Yielding")*ROW(Log!B5:B404),44)))),"")} | G45: =IF(AND(ISNUMBER(F45),OR(C45="Heavy",C45="Test")),F45,"") | H45: =IF(AND(ISNUMBER(F45),C45="Volume"),F45,"") | I45: =IFERROR(IF(F45="","",D45/MAX($F$2:$F$51)*100),"") | L45: 44 | M45: {=IFERROR(IF(SUMPRODUCT(LARGE((Log!J5:J404<>"")*ROW(Log!J5:J404),44))=0,"",INDEX(Log!A:A,SUMPRODUCT(LARGE((Log!J5:J404<>"")*ROW(Log!J5:J404),44)))),"")} | N45: {=IFERROR(IF(SUMPRODUCT(LARGE((Log!J5:J404<>"")*ROW(Log!J5:J404),44))=0,"",INDEX(Log!J:J,SUMPRODUCT(LARGE((Log!J5:J404<>"")*ROW(Log!J5:J404),44)))),"")} | O45: =IFERROR(IF(COUNT(N45:N49)<3,"",AVERAGE(N45:N49)),"") | S45: =IF(AND(ISNUMBER(I45),OR(C45="Heavy",C45="Test")),I45,"") | T45: =IF(AND(ISNUMBER(I45),C45="Volume"),I45,"")
A46: 45 | B46: {=IFERROR(IF(SUMPRODUCT(LARGE((Log!B5:B404="Yielding")*ROW(Log!B5:B404),45))=0,"",INDEX(Log!A:A,SUMPRODUCT(LARGE((Log!B5:B404="Yielding")*ROW(Log!B5:B404),45)))),"")} | C46: {=IFERROR(IF(SUMPRODUCT(LARGE((Log!B5:B404="Yielding")*ROW(Log!B5:B404),45))=0,"",INDEX(Log!D:D,SUMPRODUCT(LARGE((Log!B5:B404="Yielding")*ROW(Log!B5:B404),45)))),"")} | D46: {=IFERROR(IF(SUMPRODUCT(LARGE((Log!B5:B404="Yielding")*ROW(Log!B5:B404),45))=0,"",INDEX(Log!E:E,SUMPRODUCT(LARGE((Log!B5:B404="Yielding")*ROW(Log!B5:B404),45)))),"")} | E46: {=IFERROR(IF(SUMPRODUCT(LARGE((Log!B5:B404="Yielding")*ROW(Log!B5:B404),45))=0,"",INDEX(Log!F:F,SUMPRODUCT(LARGE((Log!B5:B404="Yielding")*ROW(Log!B5:B404),45)))),"")} | F46: {=IFERROR(IF(SUMPRODUCT(LARGE((Log!B5:B404="Yielding")*ROW(Log!B5:B404),45))=0,"",INDEX(Log!M:M,SUMPRODUCT(LARGE((Log!B5:B404="Yielding")*ROW(Log!B5:B404),45)))),"")} | G46: =IF(AND(ISNUMBER(F46),OR(C46="Heavy",C46="Test")),F46,"") | H46: =IF(AND(ISNUMBER(F46),C46="Volume"),F46,"") | I46: =IFERROR(IF(F46="","",D46/MAX($F$2:$F$51)*100),"") | L46: 45 | M46: {=IFERROR(IF(SUMPRODUCT(LARGE((Log!J5:J404<>"")*ROW(Log!J5:J404),45))=0,"",INDEX(Log!A:A,SUMPRODUCT(LARGE((Log!J5:J404<>"")*ROW(Log!J5:J404),45)))),"")} | N46: {=IFERROR(IF(SUMPRODUCT(LARGE((Log!J5:J404<>"")*ROW(Log!J5:J404),45))=0,"",INDEX(Log!J:J,SUMPRODUCT(LARGE((Log!J5:J404<>"")*ROW(Log!J5:J404),45)))),"")} | O46: =IFERROR(IF(COUNT(N46:N50)<3,"",AVERAGE(N46:N50)),"") | S46: =IF(AND(ISNUMBER(I46),OR(C46="Heavy",C46="Test")),I46,"") | T46: =IF(AND(ISNUMBER(I46),C46="Volume"),I46,"")
A47: 46 | B47: {=IFERROR(IF(SUMPRODUCT(LARGE((Log!B5:B404="Yielding")*ROW(Log!B5:B404),46))=0,"",INDEX(Log!A:A,SUMPRODUCT(LARGE((Log!B5:B404="Yielding")*ROW(Log!B5:B404),46)))),"")} | C47: {=IFERROR(IF(SUMPRODUCT(LARGE((Log!B5:B404="Yielding")*ROW(Log!B5:B404),46))=0,"",INDEX(Log!D:D,SUMPRODUCT(LARGE((Log!B5:B404="Yielding")*ROW(Log!B5:B404),46)))),"")} | D47: {=IFERROR(IF(SUMPRODUCT(LARGE((Log!B5:B404="Yielding")*ROW(Log!B5:B404),46))=0,"",INDEX(Log!E:E,SUMPRODUCT(LARGE((Log!B5:B404="Yielding")*ROW(Log!B5:B404),46)))),"")} | E47: {=IFERROR(IF(SUMPRODUCT(LARGE((Log!B5:B404="Yielding")*ROW(Log!B5:B404),46))=0,"",INDEX(Log!F:F,SUMPRODUCT(LARGE((Log!B5:B404="Yielding")*ROW(Log!B5:B404),46)))),"")} | F47: {=IFERROR(IF(SUMPRODUCT(LARGE((Log!B5:B404="Yielding")*ROW(Log!B5:B404),46))=0,"",INDEX(Log!M:M,SUMPRODUCT(LARGE((Log!B5:B404="Yielding")*ROW(Log!B5:B404),46)))),"")} | G47: =IF(AND(ISNUMBER(F47),OR(C47="Heavy",C47="Test")),F47,"") | H47: =IF(AND(ISNUMBER(F47),C47="Volume"),F47,"") | I47: =IFERROR(IF(F47="","",D47/MAX($F$2:$F$51)*100),"") | L47: 46 | M47: {=IFERROR(IF(SUMPRODUCT(LARGE((Log!J5:J404<>"")*ROW(Log!J5:J404),46))=0,"",INDEX(Log!A:A,SUMPRODUCT(LARGE((Log!J5:J404<>"")*ROW(Log!J5:J404),46)))),"")} | N47: {=IFERROR(IF(SUMPRODUCT(LARGE((Log!J5:J404<>"")*ROW(Log!J5:J404),46))=0,"",INDEX(Log!J:J,SUMPRODUCT(LARGE((Log!J5:J404<>"")*ROW(Log!J5:J404),46)))),"")} | O47: =IFERROR(IF(COUNT(N47:N51)<3,"",AVERAGE(N47:N51)),"") | S47: =IF(AND(ISNUMBER(I47),OR(C47="Heavy",C47="Test")),I47,"") | T47: =IF(AND(ISNUMBER(I47),C47="Volume"),I47,"")
A48: 47 | B48: {=IFERROR(IF(SUMPRODUCT(LARGE((Log!B5:B404="Yielding")*ROW(Log!B5:B404),47))=0,"",INDEX(Log!A:A,SUMPRODUCT(LARGE((Log!B5:B404="Yielding")*ROW(Log!B5:B404),47)))),"")} | C48: {=IFERROR(IF(SUMPRODUCT(LARGE((Log!B5:B404="Yielding")*ROW(Log!B5:B404),47))=0,"",INDEX(Log!D:D,SUMPRODUCT(LARGE((Log!B5:B404="Yielding")*ROW(Log!B5:B404),47)))),"")} | D48: {=IFERROR(IF(SUMPRODUCT(LARGE((Log!B5:B404="Yielding")*ROW(Log!B5:B404),47))=0,"",INDEX(Log!E:E,SUMPRODUCT(LARGE((Log!B5:B404="Yielding")*ROW(Log!B5:B404),47)))),"")} | E48: {=IFERROR(IF(SUMPRODUCT(LARGE((Log!B5:B404="Yielding")*ROW(Log!B5:B404),47))=0,"",INDEX(Log!F:F,SUMPRODUCT(LARGE((Log!B5:B404="Yielding")*ROW(Log!B5:B404),47)))),"")} | F48: {=IFERROR(IF(SUMPRODUCT(LARGE((Log!B5:B404="Yielding")*ROW(Log!B5:B404),47))=0,"",INDEX(Log!M:M,SUMPRODUCT(LARGE((Log!B5:B404="Yielding")*ROW(Log!B5:B404),47)))),"")} | G48: =IF(AND(ISNUMBER(F48),OR(C48="Heavy",C48="Test")),F48,"") | H48: =IF(AND(ISNUMBER(F48),C48="Volume"),F48,"") | I48: =IFERROR(IF(F48="","",D48/MAX($F$2:$F$51)*100),"") | L48: 47 | M48: {=IFERROR(IF(SUMPRODUCT(LARGE((Log!J5:J404<>"")*ROW(Log!J5:J404),47))=0,"",INDEX(Log!A:A,SUMPRODUCT(LARGE((Log!J5:J404<>"")*ROW(Log!J5:J404),47)))),"")} | N48: {=IFERROR(IF(SUMPRODUCT(LARGE((Log!J5:J404<>"")*ROW(Log!J5:J404),47))=0,"",INDEX(Log!J:J,SUMPRODUCT(LARGE((Log!J5:J404<>"")*ROW(Log!J5:J404),47)))),"")} | O48: =IFERROR(IF(COUNT(N48:N52)<3,"",AVERAGE(N48:N52)),"") | S48: =IF(AND(ISNUMBER(I48),OR(C48="Heavy",C48="Test")),I48,"") | T48: =IF(AND(ISNUMBER(I48),C48="Volume"),I48,"")
A49: 48 | B49: {=IFERROR(IF(SUMPRODUCT(LARGE((Log!B5:B404="Yielding")*ROW(Log!B5:B404),48))=0,"",INDEX(Log!A:A,SUMPRODUCT(LARGE((Log!B5:B404="Yielding")*ROW(Log!B5:B404),48)))),"")} | C49: {=IFERROR(IF(SUMPRODUCT(LARGE((Log!B5:B404="Yielding")*ROW(Log!B5:B404),48))=0,"",INDEX(Log!D:D,SUMPRODUCT(LARGE((Log!B5:B404="Yielding")*ROW(Log!B5:B404),48)))),"")} | D49: {=IFERROR(IF(SUMPRODUCT(LARGE((Log!B5:B404="Yielding")*ROW(Log!B5:B404),48))=0,"",INDEX(Log!E:E,SUMPRODUCT(LARGE((Log!B5:B404="Yielding")*ROW(Log!B5:B404),48)))),"")} | E49: {=IFERROR(IF(SUMPRODUCT(LARGE((Log!B5:B404="Yielding")*ROW(Log!B5:B404),48))=0,"",INDEX(Log!F:F,SUMPRODUCT(LARGE((Log!B5:B404="Yielding")*ROW(Log!B5:B404),48)))),"")} | F49: {=IFERROR(IF(SUMPRODUCT(LARGE((Log!B5:B404="Yielding")*ROW(Log!B5:B404),48))=0,"",INDEX(Log!M:M,SUMPRODUCT(LARGE((Log!B5:B404="Yielding")*ROW(Log!B5:B404),48)))),"")} | G49: =IF(AND(ISNUMBER(F49),OR(C49="Heavy",C49="Test")),F49,"") | H49: =IF(AND(ISNUMBER(F49),C49="Volume"),F49,"") | I49: =IFERROR(IF(F49="","",D49/MAX($F$2:$F$51)*100),"") | L49: 48 | M49: {=IFERROR(IF(SUMPRODUCT(LARGE((Log!J5:J404<>"")*ROW(Log!J5:J404),48))=0,"",INDEX(Log!A:A,SUMPRODUCT(LARGE((Log!J5:J404<>"")*ROW(Log!J5:J404),48)))),"")} | N49: {=IFERROR(IF(SUMPRODUCT(LARGE((Log!J5:J404<>"")*ROW(Log!J5:J404),48))=0,"",INDEX(Log!J:J,SUMPRODUCT(LARGE((Log!J5:J404<>"")*ROW(Log!J5:J404),48)))),"")} | O49: =IFERROR(IF(COUNT(N49:N53)<3,"",AVERAGE(N49:N53)),"") | S49: =IF(AND(ISNUMBER(I49),OR(C49="Heavy",C49="Test")),I49,"") | T49: =IF(AND(ISNUMBER(I49),C49="Volume"),I49,"")
A50: 49 | B50: {=IFERROR(IF(SUMPRODUCT(LARGE((Log!B5:B404="Yielding")*ROW(Log!B5:B404),49))=0,"",INDEX(Log!A:A,SUMPRODUCT(LARGE((Log!B5:B404="Yielding")*ROW(Log!B5:B404),49)))),"")} | C50: {=IFERROR(IF(SUMPRODUCT(LARGE((Log!B5:B404="Yielding")*ROW(Log!B5:B404),49))=0,"",INDEX(Log!D:D,SUMPRODUCT(LARGE((Log!B5:B404="Yielding")*ROW(Log!B5:B404),49)))),"")} | D50: {=IFERROR(IF(SUMPRODUCT(LARGE((Log!B5:B404="Yielding")*ROW(Log!B5:B404),49))=0,"",INDEX(Log!E:E,SUMPRODUCT(LARGE((Log!B5:B404="Yielding")*ROW(Log!B5:B404),49)))),"")} | E50: {=IFERROR(IF(SUMPRODUCT(LARGE((Log!B5:B404="Yielding")*ROW(Log!B5:B404),49))=0,"",INDEX(Log!F:F,SUMPRODUCT(LARGE((Log!B5:B404="Yielding")*ROW(Log!B5:B404),49)))),"")} | F50: {=IFERROR(IF(SUMPRODUCT(LARGE((Log!B5:B404="Yielding")*ROW(Log!B5:B404),49))=0,"",INDEX(Log!M:M,SUMPRODUCT(LARGE((Log!B5:B404="Yielding")*ROW(Log!B5:B404),49)))),"")} | G50: =IF(AND(ISNUMBER(F50),OR(C50="Heavy",C50="Test")),F50,"") | H50: =IF(AND(ISNUMBER(F50),C50="Volume"),F50,"") | I50: =IFERROR(IF(F50="","",D50/MAX($F$2:$F$51)*100),"") | L50: 49 | M50: {=IFERROR(IF(SUMPRODUCT(LARGE((Log!J5:J404<>"")*ROW(Log!J5:J404),49))=0,"",INDEX(Log!A:A,SUMPRODUCT(LARGE((Log!J5:J404<>"")*ROW(Log!J5:J404),49)))),"")} | N50: {=IFERROR(IF(SUMPRODUCT(LARGE((Log!J5:J404<>"")*ROW(Log!J5:J404),49))=0,"",INDEX(Log!J:J,SUMPRODUCT(LARGE((Log!J5:J404<>"")*ROW(Log!J5:J404),49)))),"")} | O50: =IFERROR(IF(COUNT(N50:N54)<3,"",AVERAGE(N50:N54)),"") | S50: =IF(AND(ISNUMBER(I50),OR(C50="Heavy",C50="Test")),I50,"") | T50: =IF(AND(ISNUMBER(I50),C50="Volume"),I50,"")
A51: 50 | B51: {=IFERROR(IF(SUMPRODUCT(LARGE((Log!B5:B404="Yielding")*ROW(Log!B5:B404),50))=0,"",INDEX(Log!A:A,SUMPRODUCT(LARGE((Log!B5:B404="Yielding")*ROW(Log!B5:B404),50)))),"")} | C51: {=IFERROR(IF(SUMPRODUCT(LARGE((Log!B5:B404="Yielding")*ROW(Log!B5:B404),50))=0,"",INDEX(Log!D:D,SUMPRODUCT(LARGE((Log!B5:B404="Yielding")*ROW(Log!B5:B404),50)))),"")} | D51: {=IFERROR(IF(SUMPRODUCT(LARGE((Log!B5:B404="Yielding")*ROW(Log!B5:B404),50))=0,"",INDEX(Log!E:E,SUMPRODUCT(LARGE((Log!B5:B404="Yielding")*ROW(Log!B5:B404),50)))),"")} | E51: {=IFERROR(IF(SUMPRODUCT(LARGE((Log!B5:B404="Yielding")*ROW(Log!B5:B404),50))=0,"",INDEX(Log!F:F,SUMPRODUCT(LARGE((Log!B5:B404="Yielding")*ROW(Log!B5:B404),50)))),"")} | F51: {=IFERROR(IF(SUMPRODUCT(LARGE((Log!B5:B404="Yielding")*ROW(Log!B5:B404),50))=0,"",INDEX(Log!M:M,SUMPRODUCT(LARGE((Log!B5:B404="Yielding")*ROW(Log!B5:B404),50)))),"")} | G51: =IF(AND(ISNUMBER(F51),OR(C51="Heavy",C51="Test")),F51,"") | H51: =IF(AND(ISNUMBER(F51),C51="Volume"),F51,"") | I51: =IFERROR(IF(F51="","",D51/MAX($F$2:$F$51)*100),"") | L51: 50 | M51: {=IFERROR(IF(SUMPRODUCT(LARGE((Log!J5:J404<>"")*ROW(Log!J5:J404),50))=0,"",INDEX(Log!A:A,SUMPRODUCT(LARGE((Log!J5:J404<>"")*ROW(Log!J5:J404),50)))),"")} | N51: {=IFERROR(IF(SUMPRODUCT(LARGE((Log!J5:J404<>"")*ROW(Log!J5:J404),50))=0,"",INDEX(Log!J:J,SUMPRODUCT(LARGE((Log!J5:J404<>"")*ROW(Log!J5:J404),50)))),"")} | O51: =IFERROR(IF(COUNT(N51:N55)<3,"",AVERAGE(N51:N55)),"") | S51: =IF(AND(ISNUMBER(I51),OR(C51="Heavy",C51="Test")),I51,"") | T51: =IF(AND(ISNUMBER(I51),C51="Volume"),I51,"")
A55: Weekly Summary
A56: Wk | B56: Start | C56: End | D56: Block | E56: Yielding | F56: OI | G56: Avg RPE | H56: Max E1RM | I56: Avg Next-Day | J56: Flag
A57: W1 | B57: 46153 | C57: 46159 | D57: Trans I 1/4 | E57: =COUNTIFS(Log!B5:B404,"Yielding",Log!A5:A404,">="&B57,Log!A5:A404,"<="&C57) -> 2 | F57: =COUNTIFS(Log!B5:B404,"OI",Log!A5:A404,">="&B57,Log!A5:A404,"<="&C57) -> 1 | G57: =IFERROR(AVERAGEIFS(Log!F5:F404,Log!B5:B404,"Yielding",Log!A5:A404,">="&B57,Log!A5:A404,"<="&C57,Log!F5:F404,">0"),"") -> 10 | H57: =IFERROR(SUMPRODUCT(MAX((Log!B5:B404="Yielding")*(Log!A5:A404>=B57)*(Log!A5:A404<=C57)*N(Log!M5:M404))),"") -> 25 | I57: =IFERROR(AVERAGEIFS(Log!J5:J404,Log!A5:A404,">="&B57,Log!A5:A404,"<="&C57,Log!J5:J404,">0"),"") -> 3 | J57: =IF(D57="Deload + Test","TEST",IF(D57="Realization","REALIZE",IF(AND(ISNUMBER(I57),I57>3),"RECOVERY FLAG","")))
A58: W2 | B58: 46160 | C58: 46166 | D58: Trans I 2/4 | E58: =COUNTIFS(Log!B5:B404,"Yielding",Log!A5:A404,">="&B58,Log!A5:A404,"<="&C58) -> 1 | F58: =COUNTIFS(Log!B5:B404,"OI",Log!A5:A404,">="&B58,Log!A5:A404,"<="&C58) -> 1 | G58: =IFERROR(AVERAGEIFS(Log!F5:F404,Log!B5:B404,"Yielding",Log!A5:A404,">="&B58,Log!A5:A404,"<="&C58,Log!F5:F404,">0"),"") -> 10 | H58: =IFERROR(SUMPRODUCT(MAX((Log!B5:B404="Yielding")*(Log!A5:A404>=B58)*(Log!A5:A404<=C58)*N(Log!M5:M404))),"") -> 25 | I58: =IFERROR(AVERAGEIFS(Log!J5:J404,Log!A5:A404,">="&B58,Log!A5:A404,"<="&C58,Log!J5:J404,">0"),"") -> 3 | J58: =IF(D58="Deload + Test","TEST",IF(D58="Realization","REALIZE",IF(AND(ISNUMBER(I58),I58>3),"RECOVERY FLAG","")))
A59: W3 | B59: 46167 | C59: 46173 | D59: Trans I 3/4 | E59: =COUNTIFS(Log!B5:B404,"Yielding",Log!A5:A404,">="&B59,Log!A5:A404,"<="&C59) -> 2 | F59: =COUNTIFS(Log!B5:B404,"OI",Log!A5:A404,">="&B59,Log!A5:A404,"<="&C59) -> 1 | G59: =IFERROR(AVERAGEIFS(Log!F5:F404,Log!B5:B404,"Yielding",Log!A5:A404,">="&B59,Log!A5:A404,"<="&C59,Log!F5:F404,">0"),"") -> 8 | H59: =IFERROR(SUMPRODUCT(MAX((Log!B5:B404="Yielding")*(Log!A5:A404>=B59)*(Log!A5:A404<=C59)*N(Log!M5:M404))),"") -> 26.6 | I59: =IFERROR(AVERAGEIFS(Log!J5:J404,Log!A5:A404,">="&B59,Log!A5:A404,"<="&C59,Log!J5:J404,">0"),"") -> 3.3333333 | J59: =IF(D59="Deload + Test","TEST",IF(D59="Realization","REALIZE",IF(AND(ISNUMBER(I59),I59>3),"RECOVERY FLAG",""))) -> RECOVERY FLAG
A60: W4 | B60: 46174 | C60: 46180 | D60: Trans I 4/4 | E60: =COUNTIFS(Log!B5:B404,"Yielding",Log!A5:A404,">="&B60,Log!A5:A404,"<="&C60) -> 0 | F60: =COUNTIFS(Log!B5:B404,"OI",Log!A5:A404,">="&B60,Log!A5:A404,"<="&C60) -> 0 | G60: =IFERROR(AVERAGEIFS(Log!F5:F404,Log!B5:B404,"Yielding",Log!A5:A404,">="&B60,Log!A5:A404,"<="&C60,Log!F5:F404,">0"),"") | H60: =IFERROR(SUMPRODUCT(MAX((Log!B5:B404="Yielding")*(Log!A5:A404>=B60)*(Log!A5:A404<=C60)*N(Log!M5:M404))),"") -> 0 | I60: =IFERROR(AVERAGEIFS(Log!J5:J404,Log!A5:A404,">="&B60,Log!A5:A404,"<="&C60,Log!J5:J404,">0"),"") | J60: =IF(D60="Deload + Test","TEST",IF(D60="Realization","REALIZE",IF(AND(ISNUMBER(I60),I60>3),"RECOVERY FLAG","")))
A61: W5 | B61: 46181 | C61: 46187 | D61: Deload + Test | E61: =COUNTIFS(Log!B5:B404,"Yielding",Log!A5:A404,">="&B61,Log!A5:A404,"<="&C61) -> 0 | F61: =COUNTIFS(Log!B5:B404,"OI",Log!A5:A404,">="&B61,Log!A5:A404,"<="&C61) -> 0 | G61: =IFERROR(AVERAGEIFS(Log!F5:F404,Log!B5:B404,"Yielding",Log!A5:A404,">="&B61,Log!A5:A404,"<="&C61,Log!F5:F404,">0"),"") | H61: =IFERROR(SUMPRODUCT(MAX((Log!B5:B404="Yielding")*(Log!A5:A404>=B61)*(Log!A5:A404<=C61)*N(Log!M5:M404))),"") -> 0 | I61: =IFERROR(AVERAGEIFS(Log!J5:J404,Log!A5:A404,">="&B61,Log!A5:A404,"<="&C61,Log!J5:J404,">0"),"") | J61: =IF(D61="Deload + Test","TEST",IF(D61="Realization","REALIZE",IF(AND(ISNUMBER(I61),I61>3),"RECOVERY FLAG",""))) -> TEST
A62: W6 | B62: 46188 | C62: 46194 | D62: Trans II 1/4 | E62: =COUNTIFS(Log!B5:B404,"Yielding",Log!A5:A404,">="&B62,Log!A5:A404,"<="&C62) -> 0 | F62: =COUNTIFS(Log!B5:B404,"OI",Log!A5:A404,">="&B62,Log!A5:A404,"<="&C62) -> 0 | G62: =IFERROR(AVERAGEIFS(Log!F5:F404,Log!B5:B404,"Yielding",Log!A5:A404,">="&B62,Log!A5:A404,"<="&C62,Log!F5:F404,">0"),"") | H62: =IFERROR(SUMPRODUCT(MAX((Log!B5:B404="Yielding")*(Log!A5:A404>=B62)*(Log!A5:A404<=C62)*N(Log!M5:M404))),"") -> 0 | I62: =IFERROR(AVERAGEIFS(Log!J5:J404,Log!A5:A404,">="&B62,Log!A5:A404,"<="&C62,Log!J5:J404,">0"),"") | J62: =IF(D62="Deload + Test","TEST",IF(D62="Realization","REALIZE",IF(AND(ISNUMBER(I62),I62>3),"RECOVERY FLAG","")))
A63: W7 | B63: 46195 | C63: 46201 | D63: Trans II 2/4 | E63: =COUNTIFS(Log!B5:B404,"Yielding",Log!A5:A404,">="&B63,Log!A5:A404,"<="&C63) -> 0 | F63: =COUNTIFS(Log!B5:B404,"OI",Log!A5:A404,">="&B63,Log!A5:A404,"<="&C63) -> 0 | G63: =IFERROR(AVERAGEIFS(Log!F5:F404,Log!B5:B404,"Yielding",Log!A5:A404,">="&B63,Log!A5:A404,"<="&C63,Log!F5:F404,">0"),"") | H63: =IFERROR(SUMPRODUCT(MAX((Log!B5:B404="Yielding")*(Log!A5:A404>=B63)*(Log!A5:A404<=C63)*N(Log!M5:M404))),"") -> 0 | I63: =IFERROR(AVERAGEIFS(Log!J5:J404,Log!A5:A404,">="&B63,Log!A5:A404,"<="&C63,Log!J5:J404,">0"),"") | J63: =IF(D63="Deload + Test","TEST",IF(D63="Realization","REALIZE",IF(AND(ISNUMBER(I63),I63>3),"RECOVERY FLAG","")))
A64: W8 | B64: 46202 | C64: 46208 | D64: Trans II 3/4 | E64: =COUNTIFS(Log!B5:B404,"Yielding",Log!A5:A404,">="&B64,Log!A5:A404,"<="&C64) -> 0 | F64: =COUNTIFS(Log!B5:B404,"OI",Log!A5:A404,">="&B64,Log!A5:A404,"<="&C64) -> 0 | G64: =IFERROR(AVERAGEIFS(Log!F5:F404,Log!B5:B404,"Yielding",Log!A5:A404,">="&B64,Log!A5:A404,"<="&C64,Log!F5:F404,">0"),"") | H64: =IFERROR(SUMPRODUCT(MAX((Log!B5:B404="Yielding")*(Log!A5:A404>=B64)*(Log!A5:A404<=C64)*N(Log!M5:M404))),"") -> 0 | I64: =IFERROR(AVERAGEIFS(Log!J5:J404,Log!A5:A404,">="&B64,Log!A5:A404,"<="&C64,Log!J5:J404,">0"),"") | J64: =IF(D64="Deload + Test","TEST",IF(D64="Realization","REALIZE",IF(AND(ISNUMBER(I64),I64>3),"RECOVERY FLAG","")))
A65: W9 | B65: 46209 | C65: 46215 | D65: Trans II 4/4 | E65: =COUNTIFS(Log!B5:B404,"Yielding",Log!A5:A404,">="&B65,Log!A5:A404,"<="&C65) -> 0 | F65: =COUNTIFS(Log!B5:B404,"OI",Log!A5:A404,">="&B65,Log!A5:A404,"<="&C65) -> 0 | G65: =IFERROR(AVERAGEIFS(Log!F5:F404,Log!B5:B404,"Yielding",Log!A5:A404,">="&B65,Log!A5:A404,"<="&C65,Log!F5:F404,">0"),"") | H65: =IFERROR(SUMPRODUCT(MAX((Log!B5:B404="Yielding")*(Log!A5:A404>=B65)*(Log!A5:A404<=C65)*N(Log!M5:M404))),"") -> 0 | I65: =IFERROR(AVERAGEIFS(Log!J5:J404,Log!A5:A404,">="&B65,Log!A5:A404,"<="&C65,Log!J5:J404,">0"),"") | J65: =IF(D65="Deload + Test","TEST",IF(D65="Realization","REALIZE",IF(AND(ISNUMBER(I65),I65>3),"RECOVERY FLAG","")))
A66: W10 | B66: 46216 | C66: 46222 | D66: Deload + Test | E66: =COUNTIFS(Log!B5:B404,"Yielding",Log!A5:A404,">="&B66,Log!A5:A404,"<="&C66) -> 0 | F66: =COUNTIFS(Log!B5:B404,"OI",Log!A5:A404,">="&B66,Log!A5:A404,"<="&C66) -> 0 | G66: =IFERROR(AVERAGEIFS(Log!F5:F404,Log!B5:B404,"Yielding",Log!A5:A404,">="&B66,Log!A5:A404,"<="&C66,Log!F5:F404,">0"),"") | H66: =IFERROR(SUMPRODUCT(MAX((Log!B5:B404="Yielding")*(Log!A5:A404>=B66)*(Log!A5:A404<=C66)*N(Log!M5:M404))),"") -> 0 | I66: =IFERROR(AVERAGEIFS(Log!J5:J404,Log!A5:A404,">="&B66,Log!A5:A404,"<="&C66,Log!J5:J404,">0"),"") | J66: =IF(D66="Deload + Test","TEST",IF(D66="Realization","REALIZE",IF(AND(ISNUMBER(I66),I66>3),"RECOVERY FLAG",""))) -> TEST
A67: W11 | B67: 46223 | C67: 46229 | D67: Peak 1/4 | E67: =COUNTIFS(Log!B5:B404,"Yielding",Log!A5:A404,">="&B67,Log!A5:A404,"<="&C67) -> 0 | F67: =COUNTIFS(Log!B5:B404,"OI",Log!A5:A404,">="&B67,Log!A5:A404,"<="&C67) -> 0 | G67: =IFERROR(AVERAGEIFS(Log!F5:F404,Log!B5:B404,"Yielding",Log!A5:A404,">="&B67,Log!A5:A404,"<="&C67,Log!F5:F404,">0"),"") | H67: =IFERROR(SUMPRODUCT(MAX((Log!B5:B404="Yielding")*(Log!A5:A404>=B67)*(Log!A5:A404<=C67)*N(Log!M5:M404))),"") -> 0 | I67: =IFERROR(AVERAGEIFS(Log!J5:J404,Log!A5:A404,">="&B67,Log!A5:A404,"<="&C67,Log!J5:J404,">0"),"") | J67: =IF(D67="Deload + Test","TEST",IF(D67="Realization","REALIZE",IF(AND(ISNUMBER(I67),I67>3),"RECOVERY FLAG","")))
A68: W12 | B68: 46230 | C68: 46236 | D68: Peak 2/4 | E68: =COUNTIFS(Log!B5:B404,"Yielding",Log!A5:A404,">="&B68,Log!A5:A404,"<="&C68) -> 0 | F68: =COUNTIFS(Log!B5:B404,"OI",Log!A5:A404,">="&B68,Log!A5:A404,"<="&C68) -> 0 | G68: =IFERROR(AVERAGEIFS(Log!F5:F404,Log!B5:B404,"Yielding",Log!A5:A404,">="&B68,Log!A5:A404,"<="&C68,Log!F5:F404,">0"),"") | H68: =IFERROR(SUMPRODUCT(MAX((Log!B5:B404="Yielding")*(Log!A5:A404>=B68)*(Log!A5:A404<=C68)*N(Log!M5:M404))),"") -> 0 | I68: =IFERROR(AVERAGEIFS(Log!J5:J404,Log!A5:A404,">="&B68,Log!A5:A404,"<="&C68,Log!J5:J404,">0"),"") | J68: =IF(D68="Deload + Test","TEST",IF(D68="Realization","REALIZE",IF(AND(ISNUMBER(I68),I68>3),"RECOVERY FLAG","")))
A69: W13 | B69: 46237 | C69: 46243 | D69: Peak 3/4 | E69: =COUNTIFS(Log!B5:B404,"Yielding",Log!A5:A404,">="&B69,Log!A5:A404,"<="&C69) -> 0 | F69: =COUNTIFS(Log!B5:B404,"OI",Log!A5:A404,">="&B69,Log!A5:A404,"<="&C69) -> 0 | G69: =IFERROR(AVERAGEIFS(Log!F5:F404,Log!B5:B404,"Yielding",Log!A5:A404,">="&B69,Log!A5:A404,"<="&C69,Log!F5:F404,">0"),"") | H69: =IFERROR(SUMPRODUCT(MAX((Log!B5:B404="Yielding")*(Log!A5:A404>=B69)*(Log!A5:A404<=C69)*N(Log!M5:M404))),"") -> 0 | I69: =IFERROR(AVERAGEIFS(Log!J5:J404,Log!A5:A404,">="&B69,Log!A5:A404,"<="&C69,Log!J5:J404,">0"),"") | J69: =IF(D69="Deload + Test","TEST",IF(D69="Realization","REALIZE",IF(AND(ISNUMBER(I69),I69>3),"RECOVERY FLAG","")))
A70: W14 | B70: 46244 | C70: 46250 | D70: Peak 4/4 | E70: =COUNTIFS(Log!B5:B404,"Yielding",Log!A5:A404,">="&B70,Log!A5:A404,"<="&C70) -> 0 | F70: =COUNTIFS(Log!B5:B404,"OI",Log!A5:A404,">="&B70,Log!A5:A404,"<="&C70) -> 0 | G70: =IFERROR(AVERAGEIFS(Log!F5:F404,Log!B5:B404,"Yielding",Log!A5:A404,">="&B70,Log!A5:A404,"<="&C70,Log!F5:F404,">0"),"") | H70: =IFERROR(SUMPRODUCT(MAX((Log!B5:B404="Yielding")*(Log!A5:A404>=B70)*(Log!A5:A404<=C70)*N(Log!M5:M404))),"") -> 0 | I70: =IFERROR(AVERAGEIFS(Log!J5:J404,Log!A5:A404,">="&B70,Log!A5:A404,"<="&C70,Log!J5:J404,">0"),"") | J70: =IF(D70="Deload + Test","TEST",IF(D70="Realization","REALIZE",IF(AND(ISNUMBER(I70),I70>3),"RECOVERY FLAG","")))
A71: W15 | B71: 46251 | C71: 46257 | D71: Deload + Test | E71: =COUNTIFS(Log!B5:B404,"Yielding",Log!A5:A404,">="&B71,Log!A5:A404,"<="&C71) -> 0 | F71: =COUNTIFS(Log!B5:B404,"OI",Log!A5:A404,">="&B71,Log!A5:A404,"<="&C71) -> 0 | G71: =IFERROR(AVERAGEIFS(Log!F5:F404,Log!B5:B404,"Yielding",Log!A5:A404,">="&B71,Log!A5:A404,"<="&C71,Log!F5:F404,">0"),"") | H71: =IFERROR(SUMPRODUCT(MAX((Log!B5:B404="Yielding")*(Log!A5:A404>=B71)*(Log!A5:A404<=C71)*N(Log!M5:M404))),"") -> 0 | I71: =IFERROR(AVERAGEIFS(Log!J5:J404,Log!A5:A404,">="&B71,Log!A5:A404,"<="&C71,Log!J5:J404,">0"),"") | J71: =IF(D71="Deload + Test","TEST",IF(D71="Realization","REALIZE",IF(AND(ISNUMBER(I71),I71>3),"RECOVERY FLAG",""))) -> TEST
A72: W16 | B72: 46258 | C72: 46264 | D72: Realization | E72: =COUNTIFS(Log!B5:B404,"Yielding",Log!A5:A404,">="&B72,Log!A5:A404,"<="&C72) -> 0 | F72: =COUNTIFS(Log!B5:B404,"OI",Log!A5:A404,">="&B72,Log!A5:A404,"<="&C72) -> 0 | G72: =IFERROR(AVERAGEIFS(Log!F5:F404,Log!B5:B404,"Yielding",Log!A5:A404,">="&B72,Log!A5:A404,"<="&C72,Log!F5:F404,">0"),"") | H72: =IFERROR(SUMPRODUCT(MAX((Log!B5:B404="Yielding")*(Log!A5:A404>=B72)*(Log!A5:A404<=C72)*N(Log!M5:M404))),"") -> 0 | I72: =IFERROR(AVERAGEIFS(Log!J5:J404,Log!A5:A404,">="&B72,Log!A5:A404,"<="&C72,Log!J5:J404,">0"),"") | J72: =IF(D72="Deload + Test","TEST",IF(D72="Realization","REALIZE",IF(AND(ISNUMBER(I72),I72>3),"RECOVERY FLAG",""))) -> REALIZE
A75: Block Summary
A76: Phase | B76: Weeks | C76: Start Date | D76: End Date | E76: Yielding | F76: OI | G76: Avg RPE | H76: Max E1RM | I76: Avg Next-Day | J76: Status
A77: Transmutation I | B77: W1–W4 | C77: 46153 | D77: 46180 | E77: =COUNTIFS(Log!B5:B404,"Yielding",Log!A5:A404,">="&C77,Log!A5:A404,"<="&D77) -> 5 | F77: =COUNTIFS(Log!B5:B404,"OI",Log!A5:A404,">="&C77,Log!A5:A404,"<="&D77) -> 3 | G77: =IFERROR(AVERAGEIFS(Log!F5:F404,Log!B5:B404,"Yielding",Log!A5:A404,">="&C77,Log!A5:A404,"<="&D77,Log!F5:F404,">0"),"") -> 9.2 | H77: =IFERROR(SUMPRODUCT(MAX((Log!B5:B404="Yielding")*(Log!A5:A404>=C77)*(Log!A5:A404<=D77)*N(Log!M5:M404))),"") -> 26.6 | I77: =IFERROR(AVERAGEIFS(Log!J5:J404,Log!A5:A404,">="&C77,Log!A5:A404,"<="&D77,Log!J5:J404,">0"),"") -> 3.125 | J77: =IF(D77<TODAY(),IF(E77=0,"Not started","Complete"),IF(C77<=TODAY(),"In progress","Upcoming")) -> In progress
A78: Deload + Test W5 | B78: W5 | C78: 46181 | D78: 46187 | E78: =COUNTIFS(Log!B5:B404,"Yielding",Log!A5:A404,">="&C78,Log!A5:A404,"<="&D78) -> 0 | F78: =COUNTIFS(Log!B5:B404,"OI",Log!A5:A404,">="&C78,Log!A5:A404,"<="&D78) -> 0 | G78: =IFERROR(AVERAGEIFS(Log!F5:F404,Log!B5:B404,"Yielding",Log!A5:A404,">="&C78,Log!A5:A404,"<="&D78,Log!F5:F404,">0"),"") | H78: =IFERROR(SUMPRODUCT(MAX((Log!B5:B404="Yielding")*(Log!A5:A404>=C78)*(Log!A5:A404<=D78)*N(Log!M5:M404))),"") -> 0 | I78: =IFERROR(AVERAGEIFS(Log!J5:J404,Log!A5:A404,">="&C78,Log!A5:A404,"<="&D78,Log!J5:J404,">0"),"") | J78: =IF(D78<TODAY(),IF(E78=0,"Not started","Complete"),IF(C78<=TODAY(),"In progress","Upcoming")) -> Upcoming
A79: Transmutation II | B79: W6–W9 | C79: 46188 | D79: 46215 | E79: =COUNTIFS(Log!B5:B404,"Yielding",Log!A5:A404,">="&C79,Log!A5:A404,"<="&D79) -> 0 | F79: =COUNTIFS(Log!B5:B404,"OI",Log!A5:A404,">="&C79,Log!A5:A404,"<="&D79) -> 0 | G79: =IFERROR(AVERAGEIFS(Log!F5:F404,Log!B5:B404,"Yielding",Log!A5:A404,">="&C79,Log!A5:A404,"<="&D79,Log!F5:F404,">0"),"") | H79: =IFERROR(SUMPRODUCT(MAX((Log!B5:B404="Yielding")*(Log!A5:A404>=C79)*(Log!A5:A404<=D79)*N(Log!M5:M404))),"") -> 0 | I79: =IFERROR(AVERAGEIFS(Log!J5:J404,Log!A5:A404,">="&C79,Log!A5:A404,"<="&D79,Log!J5:J404,">0"),"") | J79: =IF(D79<TODAY(),IF(E79=0,"Not started","Complete"),IF(C79<=TODAY(),"In progress","Upcoming")) -> Upcoming
A80: Deload + Test W10 | B80: W10 | C80: 46216 | D80: 46222 | E80: =COUNTIFS(Log!B5:B404,"Yielding",Log!A5:A404,">="&C80,Log!A5:A404,"<="&D80) -> 0 | F80: =COUNTIFS(Log!B5:B404,"OI",Log!A5:A404,">="&C80,Log!A5:A404,"<="&D80) -> 0 | G80: =IFERROR(AVERAGEIFS(Log!F5:F404,Log!B5:B404,"Yielding",Log!A5:A404,">="&C80,Log!A5:A404,"<="&D80,Log!F5:F404,">0"),"") | H80: =IFERROR(SUMPRODUCT(MAX((Log!B5:B404="Yielding")*(Log!A5:A404>=C80)*(Log!A5:A404<=D80)*N(Log!M5:M404))),"") -> 0 | I80: =IFERROR(AVERAGEIFS(Log!J5:J404,Log!A5:A404,">="&C80,Log!A5:A404,"<="&D80,Log!J5:J404,">0"),"") | J80: =IF(D80<TODAY(),IF(E80=0,"Not started","Complete"),IF(C80<=TODAY(),"In progress","Upcoming")) -> Upcoming
A81: Peak Intensity | B81: W11–W14 | C81: 46223 | D81: 46250 | E81: =COUNTIFS(Log!B5:B404,"Yielding",Log!A5:A404,">="&C81,Log!A5:A404,"<="&D81) -> 0 | F81: =COUNTIFS(Log!B5:B404,"OI",Log!A5:A404,">="&C81,Log!A5:A404,"<="&D81) -> 0 | G81: =IFERROR(AVERAGEIFS(Log!F5:F404,Log!B5:B404,"Yielding",Log!A5:A404,">="&C81,Log!A5:A404,"<="&D81,Log!F5:F404,">0"),"") | H81: =IFERROR(SUMPRODUCT(MAX((Log!B5:B404="Yielding")*(Log!A5:A404>=C81)*(Log!A5:A404<=D81)*N(Log!M5:M404))),"") -> 0 | I81: =IFERROR(AVERAGEIFS(Log!J5:J404,Log!A5:A404,">="&C81,Log!A5:A404,"<="&D81,Log!J5:J404,">0"),"") | J81: =IF(D81<TODAY(),IF(E81=0,"Not started","Complete"),IF(C81<=TODAY(),"In progress","Upcoming")) -> Upcoming
A82: Deload + Final Test | B82: W15 | C82: 46251 | D82: 46257 | E82: =COUNTIFS(Log!B5:B404,"Yielding",Log!A5:A404,">="&C82,Log!A5:A404,"<="&D82) -> 0 | F82: =COUNTIFS(Log!B5:B404,"OI",Log!A5:A404,">="&C82,Log!A5:A404,"<="&D82) -> 0 | G82: =IFERROR(AVERAGEIFS(Log!F5:F404,Log!B5:B404,"Yielding",Log!A5:A404,">="&C82,Log!A5:A404,"<="&D82,Log!F5:F404,">0"),"") | H82: =IFERROR(SUMPRODUCT(MAX((Log!B5:B404="Yielding")*(Log!A5:A404>=C82)*(Log!A5:A404<=D82)*N(Log!M5:M404))),"") -> 0 | I82: =IFERROR(AVERAGEIFS(Log!J5:J404,Log!A5:A404,">="&C82,Log!A5:A404,"<="&D82,Log!J5:J404,">0"),"") | J82: =IF(D82<TODAY(),IF(E82=0,"Not started","Complete"),IF(C82<=TODAY(),"In progress","Upcoming")) -> Upcoming
A83: Realization | B83: W16 | C83: 46258 | D83: 46264 | E83: =COUNTIFS(Log!B5:B404,"Yielding",Log!A5:A404,">="&C83,Log!A5:A404,"<="&D83) -> 0 | F83: =COUNTIFS(Log!B5:B404,"OI",Log!A5:A404,">="&C83,Log!A5:A404,"<="&D83) -> 0 | G83: =IFERROR(AVERAGEIFS(Log!F5:F404,Log!B5:B404,"Yielding",Log!A5:A404,">="&C83,Log!A5:A404,"<="&D83,Log!F5:F404,">0"),"") | H83: =IFERROR(SUMPRODUCT(MAX((Log!B5:B404="Yielding")*(Log!A5:A404>=C83)*(Log!A5:A404<=D83)*N(Log!M5:M404))),"") -> 0 | I83: =IFERROR(AVERAGEIFS(Log!J5:J404,Log!A5:A404,">="&C83,Log!A5:A404,"<="&D83,Log!J5:J404,">0"),"") | J83: =IF(D83<TODAY(),IF(E83=0,"Not started","Complete"),IF(C83<=TODAY(),"In progress","Upcoming")) -> Upcoming
